,actual,pred
1,blue,blue
2,red,red
3,blue,blue
4,red,red
5,red,red
6,red,red
7,red,red
8,blue,blue
9,blue,red
10,blue,blue
11,blue,blue
12,red,red
13,red,red
14,red,red
15,red,red
16,red,red
17,blue,blue
18,blue,red
19,blue,blue
20,red,red
21,blue,blue
22,blue,blue
23,blue,blue
24,blue,red
25,blue,blue
26,red,red
27,blue,red
28,red,red
29,red,red
30,blue,red
31,blue,red
32,red,red
33,red,red
34,red,red
35,blue,blue
37,blue,blue
38,red,red
39,red,red
40,blue,blue
41,blue,blue
42,blue,blue
43,blue,blue
44,blue,blue
45,blue,red
46,blue,blue
47,blue,blue
48,red,red
49,blue,red
50,red,red
51,blue,blue
52,red,red
53,red,blue
54,red,red
55,red,red
56,blue,blue
57,red,red
58,blue,blue
59,blue,blue
60,blue,blue
61,blue,blue
62,red,red
63,blue,red
64,blue,blue
65,blue,blue
66,red,red
67,red,red
68,red,red
69,red,red
70,red,red
71,blue,red
72,red,red
73,red,red
74,blue,blue
75,blue,red
76,red,red
77,red,red
78,red,red
79,red,red
80,red,red
81,blue,red
82,red,blue
83,red,red
84,blue,blue
85,red,red
86,blue,red
87,blue,blue
88,blue,blue
89,red,red
90,blue,red
91,red,red
92,red,red
93,red,red
94,blue,red
95,blue,red
96,red,red
97,red,red
98,red,blue
99,red,red
100,red,red
101,blue,blue
102,red,red
103,red,red
104,red,red
105,blue,blue
106,blue,blue
107,blue,blue
108,blue,red
109,blue,red
110,blue,blue
111,blue,red
112,red,red
113,blue,blue
114,blue,blue
115,blue,blue
116,red,red
117,red,red
118,red,red
119,red,red
120,red,red
121,red,red
122,blue,blue
123,blue,red
124,red,red
125,blue,blue
126,red,red
127,blue,blue
128,red,red
129,red,red
130,red,red
131,red,red
132,red,red
133,red,red
134,red,blue
135,red,red
136,red,red
137,blue,red
138,red,red
139,red,red
140,red,red
141,red,red
142,red,red
143,red,red
145,red,red
146,red,red
147,red,red
148,red,red
149,blue,blue
151,blue,blue
153,red,red
154,red,red
155,blue,blue
156,red,red
157,blue,blue
158,blue,blue
159,red,red
160,red,red
161,red,red
162,blue,red
163,blue,blue
164,blue,blue
165,blue,blue
166,red,red
168,blue,blue
169,red,red
170,blue,blue
171,red,red
172,blue,blue
173,blue,blue
174,blue,red
175,red,red
176,red,red
177,blue,blue
178,blue,blue
179,red,red
180,blue,blue
181,blue,blue
182,red,red
183,blue,red
184,blue,blue
185,red,red
186,red,red
187,red,red
188,blue,blue
189,blue,red
190,red,red
191,red,blue
192,blue,blue
193,red,red
194,red,red
195,red,red
196,red,red
197,blue,blue
198,blue,blue
200,blue,blue
201,red,red
202,red,red
203,blue,blue
205,red,red
206,red,red
207,red,blue
208,red,red
209,blue,blue
210,red,red
211,red,red
212,blue,blue
213,red,red
214,red,red
215,blue,blue
216,red,red
217,red,red
218,blue,red
219,red,red
220,red,red
221,blue,blue
223,red,red
225,red,red
226,red,red
228,red,red
229,red,red
230,blue,red
231,blue,blue
232,red,red
233,blue,blue
234,blue,blue
235,red,red
236,red,red
237,red,red
238,red,red
239,red,red
240,blue,blue
242,red,red
243,blue,blue
244,blue,blue
245,blue,blue
246,red,red
247,red,red
248,blue,blue
249,blue,blue
250,blue,red
251,red,red
252,blue,red
253,blue,blue
254,blue,blue
255,red,red
256,red,red
257,red,red
258,blue,blue
259,red,blue
260,blue,red
261,red,red
262,blue,blue
263,blue,red
264,red,red
265,red,red
266,red,red
267,blue,blue
268,red,red
269,blue,blue
270,blue,blue
271,red,red
272,red,red
273,red,red
274,blue,blue
275,blue,red
276,blue,blue
277,red,red
278,blue,blue
279,blue,blue
280,blue,blue
281,red,red
282,red,red
283,blue,blue
284,blue,red
285,blue,blue
286,red,red
287,red,red
288,red,red
289,blue,blue
290,red,red
291,red,red
292,blue,blue
293,blue,blue
294,red,red
295,red,red
296,red,red
297,blue,blue
298,blue,red
299,red,red
300,blue,blue
301,red,red
302,blue,red
303,blue,red
304,blue,red
305,red,red
306,red,red
307,red,red
308,red,red
309,red,red
310,red,red
311,red,red
312,red,red
313,red,red
314,red,red
315,red,red
316,red,red
317,red,red
318,red,red
319,red,red
320,red,red
321,red,red
322,red,red
323,red,red
324,red,red
325,red,red
326,red,red
327,blue,red
328,blue,blue
329,blue,blue
330,blue,blue
331,blue,red
332,blue,blue
333,blue,blue
334,red,blue
335,blue,blue
336,blue,blue
337,red,blue
338,blue,blue
339,red,red
340,blue,blue
341,red,red
342,red,red
343,red,red
344,red,blue
345,blue,red
346,red,red
347,red,red
348,red,red
349,blue,blue
350,blue,blue
351,blue,blue
352,blue,blue
353,red,red
354,red,red
355,red,red
356,blue,blue
357,red,red
358,red,red
359,blue,blue
360,red,red
361,blue,blue
362,red,red
363,red,red
364,red,red
365,blue,blue
366,blue,blue
367,blue,blue
368,red,red
369,red,red
370,red,red
371,blue,blue
372,red,red
373,blue,blue
374,red,red
375,red,red
376,blue,blue
377,red,red
378,red,red
379,blue,red
380,red,red
381,blue,blue
382,blue,blue
383,blue,blue
384,blue,blue
385,red,red
386,red,red
387,red,red
388,blue,blue
389,red,red
390,red,red
391,blue,blue
392,blue,red
393,red,red
394,blue,blue
395,red,red
396,blue,blue
397,red,red
398,blue,blue
399,blue,red
400,blue,blue
401,red,red
402,red,red
403,red,red
404,red,red
405,red,red
406,blue,blue
407,red,red
408,blue,blue
409,red,red
410,blue,blue
411,red,red
412,red,red
413,blue,red
414,red,red
415,blue,blue
416,red,red
417,blue,blue
418,blue,blue
419,blue,blue
420,blue,red
421,blue,blue
422,blue,red
423,blue,blue
424,red,red
425,red,red
426,blue,red
427,blue,red
428,red,blue
429,red,red
430,blue,blue
431,blue,blue
432,blue,blue
433,blue,blue
434,red,red
435,red,red
436,blue,blue
437,red,red
438,red,red
439,red,red
440,blue,red
441,blue,red
442,red,red
443,blue,blue
444,blue,blue
445,blue,blue
446,red,red
447,blue,blue
448,red,red
449,red,red
450,red,red
451,blue,blue
452,blue,blue
453,blue,blue
454,red,red
455,blue,blue
456,red,red
457,blue,red
458,red,red
459,red,red
460,blue,blue
461,blue,blue
462,blue,blue
463,blue,blue
464,blue,red
465,red,red
466,red,red
467,red,red
468,blue,blue
469,red,red
470,red,red
471,red,red
472,red,red
473,red,red
474,blue,blue
475,blue,blue
476,red,red
477,blue,red
478,blue,blue
479,red,red
480,red,red
481,red,red
482,blue,blue
483,blue,red
484,red,blue
485,blue,red
486,blue,blue
487,blue,blue
488,red,red
489,blue,blue
490,red,red
491,red,red
492,red,red
493,red,red
494,blue,blue
495,blue,blue
496,red,red
497,red,blue
498,red,red
499,red,red
500,red,red
501,red,red
502,red,red
503,red,blue
504,red,red
505,red,red
506,red,red
507,blue,blue
508,blue,blue
509,blue,red
510,blue,red
511,blue,blue
512,blue,blue
513,red,red
514,blue,blue
515,red,red
516,red,red
517,red,blue
518,blue,red
519,blue,blue
520,blue,blue
521,blue,blue
522,red,red
523,blue,blue
524,red,red
525,blue,blue
526,blue,blue
527,red,red
528,red,red
529,red,red
530,red,red
531,blue,blue
532,red,red
533,blue,blue
534,blue,blue
535,blue,blue
536,red,red
537,blue,blue
538,blue,blue
539,red,blue
540,blue,blue
541,blue,blue
542,red,blue
543,blue,blue
544,blue,blue
545,blue,red
546,blue,red
547,blue,blue
548,red,red
549,red,red
550,blue,red
551,red,red
552,blue,blue
553,blue,blue
554,blue,blue
555,red,red
556,red,red
557,red,red
558,red,red
559,red,red
560,red,red
561,blue,red
562,blue,blue
563,red,red
564,blue,blue
565,blue,red
566,blue,blue
567,red,red
568,red,red
569,red,red
570,red,red
571,red,red
572,red,red
573,blue,red
574,blue,blue
575,blue,blue
576,red,red
577,red,red
578,red,red
579,red,red
580,blue,blue
581,red,red
582,red,red
583,red,red
584,blue,blue
585,blue,blue
586,red,red
587,blue,blue
588,red,red
589,blue,red
590,red,red
591,blue,blue
592,red,red
593,blue,blue
594,red,red
595,red,red
596,red,red
597,blue,blue
598,red,red
599,blue,blue
600,blue,blue
601,blue,red
602,blue,blue
603,blue,blue
604,blue,blue
605,blue,blue
606,blue,blue
607,red,red
608,red,red
609,red,red
610,blue,red
611,red,red
612,red,red
613,red,red
614,red,red
615,red,red
616,red,red
617,blue,red
618,blue,blue
619,blue,blue
620,blue,blue
621,red,red
622,blue,blue
623,red,red
624,red,red
625,blue,red
626,red,red
627,red,red
628,red,red
629,blue,blue
630,red,red
631,blue,blue
632,blue,blue
633,red,red
634,red,red
635,blue,blue
636,blue,red
637,blue,red
638,red,red
639,blue,blue
640,red,red
641,blue,blue
642,red,red
643,blue,blue
644,blue,blue
645,blue,red
646,blue,blue
647,blue,blue
648,red,red
649,blue,blue
650,blue,blue
651,red,red
652,blue,blue
653,blue,blue
654,blue,red
655,blue,blue
656,blue,blue
657,red,red
658,red,red
659,blue,blue
660,blue,blue
661,red,red
662,red,red
663,red,red
664,blue,blue
665,red,red
666,blue,red
667,blue,blue
668,blue,blue
669,blue,red
670,red,red
671,red,red
672,blue,blue
673,red,red
674,red,red
675,blue,blue
676,blue,blue
677,blue,blue
678,red,red
679,blue,blue
680,blue,blue
681,blue,blue
682,blue,red
683,red,red
684,red,red
685,red,red
686,blue,blue
687,blue,blue
688,red,red
689,red,blue
690,red,red
691,red,red
692,red,red
693,red,red
694,blue,blue
695,red,red
696,blue,blue
697,red,red
698,blue,blue
699,blue,blue
700,red,red
701,red,red
702,blue,blue
703,blue,red
704,red,red
705,red,red
706,red,red
707,blue,blue
708,red,red
709,blue,blue
710,red,red
711,blue,blue
712,red,red
713,blue,blue
714,blue,blue
715,red,red
716,blue,blue
717,red,red
718,red,red
719,blue,blue
720,blue,blue
721,blue,blue
722,red,red
723,blue,red
724,blue,red
725,red,red
726,red,red
727,blue,blue
728,blue,blue
729,blue,blue
730,red,red
731,blue,blue
732,red,red
733,blue,blue
734,blue,blue
735,blue,blue
736,blue,red
737,blue,blue
738,red,red
739,red,red
740,blue,blue
741,blue,blue
742,blue,blue
743,red,red
744,red,red
745,red,red
746,red,red
747,red,red
748,red,red
749,red,red
750,red,red
751,blue,blue
752,red,red
753,red,red
754,red,red
755,red,red
756,red,red
757,red,red
758,blue,red
759,blue,red
760,red,red
761,blue,blue
762,red,red
763,red,red
764,blue,blue
765,blue,blue
766,red,red
767,red,red
768,red,red
769,blue,blue
770,blue,blue
771,blue,blue
772,red,red
773,red,red
774,blue,blue
775,red,red
776,red,red
777,blue,red
778,red,red
779,red,red
780,red,red
781,blue,blue
782,red,red
783,blue,blue
784,blue,blue
785,blue,blue
786,blue,blue
787,red,red
788,blue,red
789,blue,blue
790,red,red
791,blue,blue
792,red,red
793,blue,blue
794,red,red
795,blue,red
796,red,red
797,red,red
798,red,red
799,red,red
800,red,red
801,red,red
802,blue,blue
803,blue,blue
804,red,red
805,blue,blue
806,red,red
807,blue,blue
808,red,red
809,red,red
810,blue,red
811,red,red
812,red,red
813,blue,blue
814,red,red
815,red,red
816,red,red
817,red,red
818,red,red
819,red,red
820,blue,red
821,red,blue
822,red,red
823,blue,red
824,red,red
825,red,red
826,red,red
827,red,red
828,red,red
829,red,red
830,blue,blue
831,blue,blue
832,red,red
833,blue,blue
834,red,red
835,red,red
836,red,red
837,red,red
838,red,red
839,red,red
840,blue,red
841,blue,red
842,red,red
843,red,red
844,red,red
845,red,red
846,red,red
847,blue,blue
848,red,red
849,red,red
850,red,red
851,red,red
852,blue,blue
853,blue,blue
854,red,red
855,red,red
856,red,red
857,blue,blue
858,blue,blue
859,red,red
860,red,red
861,blue,blue
862,red,red
863,red,red
864,red,red
865,blue,blue
866,red,red
867,red,red
868,red,red
869,red,red
870,blue,blue
871,red,red
872,blue,blue
873,blue,blue
874,red,red
875,blue,blue
876,red,red
877,red,red
878,blue,blue
879,red,red
880,blue,blue
881,red,red
882,red,red
883,blue,blue
884,blue,blue
885,red,red
886,red,red
887,red,red
888,blue,blue
889,red,red
890,red,red
891,blue,red
892,red,red
893,red,red
894,blue,blue
895,red,red
896,blue,blue
897,blue,blue
898,red,red
899,red,red
900,red,red
901,blue,blue
902,red,red
903,blue,blue
904,red,red
905,red,red
906,blue,blue
907,blue,blue
908,red,red
909,red,red
910,red,red
911,red,red
912,blue,blue
913,blue,blue
914,red,red
915,red,red
916,red,red
917,red,red
918,blue,blue
919,blue,red
920,red,red
921,red,red
922,blue,blue
923,blue,red
924,red,red
925,blue,blue
926,blue,blue
927,blue,blue
928,blue,blue
929,red,red
930,blue,blue
931,red,red
932,red,red
933,blue,blue
934,red,red
935,blue,blue
936,red,red
937,red,red
938,blue,red
939,blue,blue
940,red,red
941,red,red
942,blue,blue
943,blue,blue
944,blue,red
945,blue,blue
946,red,red
947,red,red
948,blue,blue
949,blue,blue
950,red,red
951,blue,blue
952,blue,blue
953,red,red
954,red,red
955,blue,blue
956,red,blue
957,red,red
958,red,red
959,red,red
960,red,red
961,red,red
962,red,red
963,red,red
964,red,red
965,red,red
966,red,red
967,red,red
968,red,red
969,red,red
970,red,red
971,red,red
972,red,red
973,red,red
974,red,red
975,blue,blue
976,red,blue
977,red,red
978,red,red
979,red,red
980,red,red
981,red,red
982,blue,blue
983,blue,blue
984,red,red
985,red,red
986,red,red
987,blue,blue
988,red,red
989,blue,red
990,red,blue
991,red,red
992,red,red
993,red,red
994,red,red
995,blue,blue
996,blue,blue
997,red,red
998,blue,blue
999,blue,blue
1000,blue,blue
1001,red,red
1002,blue,blue
1003,blue,blue
1004,red,red
1005,blue,blue
1006,red,red
1007,blue,blue
1008,blue,blue
1009,blue,blue
1010,red,red
1011,red,red
1012,red,red
1013,red,red
1014,blue,red
1015,red,red
1016,blue,blue
1017,blue,blue
1018,blue,blue
1019,red,red
1020,red,red
1021,red,red
1022,red,red
1023,blue,blue
1024,blue,blue
1025,blue,blue
1026,blue,blue
1027,red,red
1028,blue,blue
1029,red,red
1030,red,red
1031,blue,blue
1032,red,red
1033,red,red
1034,blue,red
1035,red,red
1036,blue,blue
1037,red,red
1038,red,red
1039,blue,blue
1040,red,red
1041,red,red
1042,red,red
1043,blue,blue
1044,blue,red
1045,red,red
1046,blue,red
1047,red,red
1048,red,red
1049,blue,blue
1050,red,red
1051,red,red
1052,red,red
1053,red,red
1054,red,red
1055,blue,blue
1056,red,red
1057,red,red
1058,blue,blue
1059,blue,red
1060,red,red
1061,red,red
1062,blue,blue
1063,blue,blue
1064,red,red
1065,blue,blue
1066,red,red
1067,blue,red
1068,blue,blue
1069,blue,red
1070,red,red
1071,blue,blue
1072,red,red
1073,red,red
1074,red,red
1075,red,red
1076,red,red
1077,red,red
1078,blue,blue
1079,red,red
1080,red,red
1081,blue,blue
1082,red,red
1083,red,red
1084,red,red
1085,blue,red
1086,red,red
1087,red,red
1088,red,red
1089,red,red
1090,blue,blue
1091,red,red
1092,blue,blue
1093,red,red
1094,red,red
1095,blue,blue
1096,blue,red
1097,red,red
1098,blue,red
1099,blue,blue
1100,blue,blue
1101,blue,blue
1102,blue,red
1103,blue,blue
1104,blue,blue
1105,red,red
1106,blue,red
1107,red,red
1108,red,red
1109,blue,red
1110,red,red
1111,red,red
1112,red,red
1113,red,red
1114,blue,blue
1115,blue,red
1116,blue,blue
1117,red,red
1118,red,red
1119,red,red
1120,red,red
1121,red,red
1122,red,red
1123,blue,blue
1124,red,red
1125,blue,blue
1126,blue,blue
1127,blue,red
1128,blue,blue
1129,blue,red
1130,blue,blue
1131,red,red
1132,red,red
1133,blue,red
1134,red,red
1135,red,red
1136,red,red
1137,red,red
1138,blue,red
1139,red,red
1140,blue,red
1141,blue,red
1142,red,red
1143,red,red
1144,red,red
1145,red,red
1146,blue,blue
1147,red,red
1148,red,red
1149,blue,blue
1150,blue,blue
1151,blue,blue
1152,red,red
1153,red,red
1154,blue,blue
1155,blue,blue
1156,red,red
1157,blue,blue
1158,red,red
1159,blue,blue
1160,red,red
1161,red,red
1162,red,red
1163,blue,blue
1164,blue,blue
1165,blue,blue
1166,red,red
1167,red,red
1168,red,red
1169,red,red
1170,blue,red
1171,red,red
1172,blue,blue
1173,red,red
1174,blue,blue
1175,red,red
1176,red,red
1177,red,red
1178,red,red
1179,red,red
1180,red,red
1181,blue,blue
1182,blue,blue
1183,red,red
1184,red,blue
1185,red,red
1186,red,red
1187,blue,red
1188,red,red
1189,blue,blue
1190,red,red
1191,red,red
1192,red,red
1193,red,red
1194,red,red
1195,red,red
1196,red,red
1197,red,red
1198,blue,red
1199,red,red
1200,blue,red
1201,blue,blue
1202,red,red
1203,red,red
1204,red,red
1205,red,red
1206,blue,red
1207,red,red
1208,red,red
1209,red,red
1210,red,red
1211,red,red
1212,red,red
1213,blue,blue
1214,red,red
1215,red,red
1216,red,red
1217,blue,blue
1218,blue,blue
1219,blue,blue
1220,blue,blue
1221,blue,red
1222,blue,blue
1223,red,red
1224,blue,red
1225,red,red
1226,red,red
1227,red,red
1228,blue,blue
1229,red,red
1230,red,red
1231,red,red
1232,red,red
1233,blue,blue
1234,red,red
1235,blue,red
1236,red,red
1237,red,red
1238,blue,blue
1239,red,red
1240,red,red
1241,blue,blue
1242,blue,blue
1243,red,red
1244,red,red
1245,blue,blue
1246,blue,blue
1247,red,red
1248,red,red
1249,blue,blue
1250,red,red
1251,red,red
1252,blue,blue
1253,blue,blue
1254,blue,red
1255,red,red
1256,red,red
1257,blue,blue
1258,blue,blue
1259,blue,blue
1260,red,red
1261,red,red
1262,blue,blue
1263,blue,blue
1264,red,red
1265,blue,red
1266,blue,blue
1267,red,blue
1268,red,red
1269,red,red
1270,blue,red
1271,blue,blue
1272,blue,blue
1273,blue,red
1274,red,red
1275,red,red
1276,blue,blue
1277,red,red
1278,blue,blue
1279,blue,blue
1280,blue,red
1281,blue,blue
1282,blue,blue
1283,blue,blue
1284,blue,red
1285,red,red
1286,blue,blue
1287,red,red
1288,blue,blue
1289,red,red
1290,red,red
1291,red,red
1292,red,red
1293,blue,red
1294,blue,blue
1295,red,red
1296,red,red
1297,red,red
1298,blue,blue
1299,red,red
1300,red,red
1301,blue,blue
1302,red,red
1303,blue,blue
1304,red,red
1305,blue,blue
1306,blue,blue
1307,red,blue
1308,blue,blue
1309,blue,red
1310,blue,blue
1311,blue,blue
1312,blue,blue
1313,red,red
1314,red,red
1315,red,red
1316,blue,blue
1317,blue,red
1318,blue,blue
1319,red,red
1320,red,red
1321,blue,blue
1322,red,red
1323,blue,blue
1324,blue,blue
1325,blue,blue
1326,blue,blue
1327,red,red
1328,red,red
1329,red,red
1330,red,red
1331,red,red
1332,red,red
1333,red,red
1334,red,blue
1335,blue,red
1336,blue,blue
1337,red,red
1338,red,red
1339,red,red
1340,red,red
1341,red,red
1342,red,red
1343,blue,blue
1344,blue,blue
1345,red,red
1346,blue,red
1347,red,blue
1348,red,red
1349,blue,blue
1350,blue,blue
1351,red,red
1352,blue,blue
1353,red,red
1354,blue,blue
1355,blue,blue
1356,red,red
1357,red,red
1358,red,red
1359,blue,blue
1360,blue,blue
1361,blue,blue
1362,red,blue
1363,red,red
1364,blue,blue
1365,red,red
1366,blue,blue
1367,blue,blue
1368,blue,blue
1369,red,red
1370,blue,blue
1371,red,red
1372,red,red
1373,red,red
1374,blue,red
1375,blue,blue
1376,red,red
1377,red,red
1378,blue,blue
1379,blue,blue
1380,red,red
1381,red,red
1382,blue,red
1383,blue,red
1384,blue,blue
1385,blue,blue
1386,red,red
1387,red,red
1388,blue,blue
1389,red,red
1390,blue,blue
1391,blue,red
1392,blue,blue
1393,blue,blue
1394,red,red
1395,red,red
1396,red,red
1397,red,red
1398,blue,blue
1399,blue,blue
1400,red,red
1401,red,red
1402,red,red
1403,red,red
1404,red,red
1405,blue,blue
1406,red,red
1407,blue,blue
1408,red,red
1409,blue,red
1410,red,red
1411,blue,blue
1412,red,red
1413,blue,blue
1414,red,red
1415,blue,blue
1416,blue,blue
1417,red,red
1418,blue,red
1419,red,blue
1420,blue,blue
1421,red,red
1422,blue,red
1423,red,red
1424,blue,red
1425,blue,blue
1426,blue,blue
1427,blue,blue
1428,blue,blue
1429,red,red
1430,red,red
1431,red,red
1432,blue,blue
1433,blue,red
1434,blue,blue
1435,red,red
1436,red,red
1437,blue,red
1438,blue,blue
1439,red,red
1440,red,red
1441,blue,blue
1442,blue,blue
1443,blue,blue
1444,red,red
1445,red,red
1446,blue,blue
1447,red,red
1448,red,red
1449,red,red
1450,blue,red
1451,red,red
1452,red,red
1453,blue,blue
1454,red,red
1455,red,red
1456,red,red
1457,blue,blue
1458,red,red
1459,red,red
1460,red,red
1461,red,red
1462,blue,blue
1463,blue,blue
1464,red,red
1465,blue,blue
1466,blue,red
1467,blue,blue
1468,red,red
1469,red,red
1470,red,red
1471,blue,blue
1472,red,red
1473,red,red
1474,red,red
1475,red,red
1476,red,red
1477,red,red
1478,red,red
1479,blue,blue
1480,blue,red
1481,red,red
1482,red,red
1483,blue,red
1484,red,red
1485,blue,blue
1486,red,red
1487,blue,blue
1488,blue,blue
1489,blue,red
1490,red,red
1491,red,red
1492,blue,red
1493,red,red
1494,red,red
1495,blue,red
1496,blue,blue
1497,red,red
1498,red,red
1499,blue,red
1500,red,red
1501,blue,blue
1502,red,red
1503,red,red
1504,red,red
1505,blue,blue
1506,blue,blue
1507,blue,blue
1508,red,red
1509,blue,blue
1510,blue,red
1511,red,red
1512,red,red
1513,red,red
1514,blue,blue
1515,red,red
1516,red,red
1517,red,red
1518,red,red
1519,red,red
1520,blue,blue
1521,blue,red
1522,blue,blue
1523,red,red
1524,blue,blue
1525,blue,red
1526,blue,red
1527,blue,blue
1528,red,red
1529,red,red
1530,blue,blue
1531,red,red
1532,red,red
1533,blue,blue
1534,red,red
1535,blue,blue
1536,red,red
1537,blue,blue
1538,blue,blue
1539,blue,blue
1540,red,red
1541,red,red
1542,red,red
1543,red,red
1544,red,red
1545,blue,blue
1546,blue,blue
1547,blue,blue
1548,red,blue
1549,red,red
1550,red,red
1551,red,red
1552,blue,blue
1553,red,red
1554,red,red
1555,blue,red
1556,red,blue
1557,red,red
1558,red,red
1559,blue,blue
1560,blue,blue
1561,red,red
1562,blue,red
1563,red,red
1564,blue,blue
1565,red,red
1566,blue,red
1567,blue,blue
1568,red,red
1569,red,red
1570,blue,red
1571,red,red
1572,red,red
1573,blue,blue
1574,red,red
1575,red,red
1576,blue,red
1577,red,red
1578,blue,red
1579,red,red
1580,red,red
1581,red,red
1582,red,red
1583,red,red
1584,blue,blue
1585,red,red
1586,red,red
1587,red,red
1588,red,red
1589,red,red
1590,blue,blue
1591,blue,blue
1592,red,blue
1593,blue,blue
1594,blue,blue
1595,red,red
1596,blue,blue
1597,blue,blue
1598,red,red
1599,red,red
1600,red,red
1601,red,red
1602,red,red
1603,red,red
1604,red,red
1605,blue,blue
1606,blue,blue
1607,blue,red
1608,red,red
1609,red,red
1610,blue,blue
1611,blue,red
1612,red,red
1613,red,red
1614,red,red
1615,blue,blue
1616,blue,blue
1617,blue,blue
1618,red,red
1619,red,red
1620,red,red
1621,blue,red
1622,blue,blue
1623,red,red
1624,red,red
1625,red,red
1626,red,red
1627,red,red
1628,red,red
1629,red,red
1630,red,red
1631,red,red
1632,red,red
1633,red,red
1634,red,red
1635,blue,red
1636,red,red
1637,red,red
1638,red,red
1639,blue,blue
1640,blue,blue
1641,red,red
1642,blue,red
1643,red,red
1644,red,red
1645,blue,blue
1646,red,red
1647,red,red
1648,red,red
1649,blue,blue
1650,red,red
1651,blue,blue
1652,blue,blue
1653,red,red
1654,blue,blue
1655,red,red
1656,blue,blue
1657,red,red
1658,blue,blue
1659,red,red
1660,red,red
1661,blue,blue
1662,red,red
1663,red,red
1664,blue,red
1665,red,red
1666,red,red
1667,red,red
1668,blue,blue
1669,red,red
1670,red,red
1671,blue,blue
1672,blue,blue
1673,red,red
1674,blue,red
1675,blue,blue
1676,red,red
1677,blue,red
1678,red,red
1679,blue,blue
1680,blue,blue
1681,blue,red
1682,blue,red
1683,blue,blue
1684,blue,red
1685,blue,blue
1686,blue,blue
1687,blue,blue
1688,red,red
1689,blue,blue
1690,red,red
1691,red,red
1692,blue,blue
1693,blue,blue
1694,blue,blue
1695,blue,blue
1696,red,red
1697,blue,blue
1698,red,red
1699,red,red
1700,red,red
1701,blue,blue
1702,red,red
1703,red,red
1704,red,red
1705,blue,blue
1706,blue,red
1707,red,red
1708,red,red
1709,blue,blue
1710,blue,blue
1711,red,red
1712,red,red
1713,blue,blue
1714,blue,red
1715,blue,red
1716,red,red
1717,red,red
1718,red,red
1719,red,red
1720,red,red
1721,red,red
1722,red,red
1723,blue,blue
1724,blue,blue
1725,blue,blue
1726,blue,blue
1727,red,red
1728,red,red
1729,red,red
1730,red,red
1731,red,red
1732,red,red
1733,blue,blue
1734,red,red
1735,blue,blue
1736,red,red
1737,blue,blue
1738,blue,blue
1739,blue,blue
1740,blue,blue
1741,red,red
1742,blue,blue
1743,red,red
1744,red,blue
1745,red,red
1746,red,red
1747,red,red
1748,blue,blue
1749,blue,red
1750,blue,blue
1751,blue,blue
1752,red,red
1753,red,red
1754,blue,blue
1755,red,red
1756,red,red
1757,red,red
1758,blue,blue
1759,blue,blue
1760,red,red
1761,red,red
1762,blue,blue
1763,blue,blue
1764,blue,blue
1765,blue,blue
1766,red,red
1767,red,red
1768,red,red
1769,red,red
1770,blue,blue
1771,red,red
1772,blue,red
1773,blue,blue
1774,blue,blue
1775,red,red
1776,red,red
1777,red,red
1778,blue,blue
1779,blue,blue
1780,red,red
1781,blue,blue
1782,blue,red
1783,blue,blue
1784,red,red
1785,red,red
1786,blue,blue
1787,blue,blue
1788,red,red
1789,red,red
1790,red,red
1791,red,red
1792,red,red
1793,red,red
1794,red,red
1795,blue,blue
1796,red,red
1797,red,red
1798,red,red
1799,red,red
1800,blue,blue
1801,red,red
1802,blue,blue
1803,red,red
1804,red,red
1805,red,red
1806,red,red
1807,red,red
1808,red,red
1809,red,red
1810,red,red
1811,red,red
1812,red,red
1813,red,red
1814,red,red
1815,red,red
1816,red,red
1817,red,red
1818,red,red
1819,red,red
1820,red,red
1821,red,red
1822,blue,blue
1823,red,red
1824,red,red
1825,blue,blue
1826,red,red
1827,blue,blue
1828,blue,blue
1829,red,red
1830,blue,red
1831,blue,blue
1832,blue,red
1833,red,red
1834,blue,blue
1835,red,red
1836,red,red
1837,blue,blue
1838,red,red
1839,red,red
1840,blue,blue
1841,red,red
1842,blue,blue
1843,blue,red
1844,red,red
1845,red,red
1846,red,red
1847,blue,red
1848,blue,blue
1849,red,red
1850,red,red
1851,red,red
1852,red,blue
1853,blue,blue
1854,blue,blue
1855,red,red
1856,blue,blue
1857,blue,blue
1858,blue,blue
1859,red,red
1860,blue,blue
1861,red,red
1862,blue,blue
1863,blue,blue
1864,blue,blue
1865,red,red
1866,blue,blue
1867,blue,blue
1868,blue,blue
1869,blue,blue
1870,blue,blue
1871,red,blue
1872,red,red
1873,blue,blue
1874,blue,red
1875,red,red
1876,red,red
1877,red,red
1878,red,red
1879,red,red
1880,red,red
1881,red,red
1882,blue,red
1883,red,red
1884,blue,blue
1885,red,red
1886,red,red
1887,red,red
1888,blue,red
1889,red,red
1890,blue,blue
1891,red,blue
1892,red,red
1893,red,red
1894,red,red
1895,red,red
1896,blue,blue
1897,red,red
1898,blue,blue
1899,red,red
1900,red,red
1901,red,red
1902,red,red
1903,red,red
1904,red,red
1905,blue,red
1906,red,red
1907,blue,blue
1908,red,red
1909,blue,blue
1910,red,red
1911,blue,blue
1912,red,red
1913,red,red
1914,blue,blue
1915,blue,blue
1916,red,red
1917,red,red
1918,red,red
1919,red,red
1920,red,red
1921,blue,blue
1922,red,red
1923,red,red
1924,red,red
1925,red,red
1926,blue,blue
1927,red,red
1928,blue,blue
1929,red,red
1930,blue,blue
1931,red,red
1932,blue,blue
1933,blue,red
1934,red,red
1935,red,red
1936,blue,blue
1937,red,red
1938,blue,red
1939,red,red
1940,blue,blue
1941,red,red
1942,blue,blue
1943,red,red
1944,blue,blue
1945,red,red
1946,blue,red
1947,red,red
1948,red,red
1949,red,red
1950,blue,blue
1951,red,red
1952,red,red
1953,red,red
1954,red,red
1955,blue,blue
1956,blue,blue
1957,red,red
1958,red,red
1959,blue,blue
1960,red,red
1961,blue,blue
1962,red,red
1963,red,red
1964,blue,blue
1965,blue,blue
1966,blue,blue
1967,red,red
1968,blue,blue
1969,blue,red
1970,blue,blue
1971,blue,blue
1972,blue,blue
1973,red,red
1974,red,blue
1975,red,red
1976,blue,red
1977,red,red
1978,red,red
1979,red,red
1980,red,red
1981,blue,blue
1982,red,red
1983,red,red
1984,red,red
1985,blue,red
1986,blue,blue
1987,blue,blue
1988,blue,blue
1989,red,red
1990,red,red
1991,blue,blue
1992,blue,blue
1993,red,red
1994,red,red
1995,red,blue
1996,red,red
1997,blue,blue
1998,blue,blue
1999,blue,blue
2000,red,red
2001,red,red
2002,blue,blue
2003,red,red
2004,red,red
2005,blue,blue
2006,blue,blue
2007,red,red
2008,blue,blue
2009,blue,blue
2010,red,red
2011,blue,blue
2012,blue,blue
2013,blue,blue
2014,red,red
2015,blue,blue
2016,red,red
2017,red,red
2018,blue,blue
2019,red,red
2020,red,red
2021,red,red
2022,blue,blue
2023,red,red
2024,red,red
2025,red,red
2026,blue,blue
2027,red,red
2028,red,red
2029,blue,blue
2030,red,red
2031,red,red
2032,red,red
2033,red,red
2034,red,red
2035,red,red
2036,blue,blue
2037,red,red
2038,red,red
2039,red,red
2040,red,red
2041,blue,red
2042,red,red
2043,red,red
2044,red,red
2045,red,red
2046,blue,blue
2047,red,red
2048,red,red
2049,red,red
2050,red,red
2051,blue,blue
2052,red,red
2053,blue,blue
2054,blue,red
2055,blue,blue
2056,red,red
2057,blue,blue
2058,red,red
2059,blue,blue
2060,blue,blue
2061,red,red
2062,red,red
2063,blue,blue
2064,red,red
2065,red,red
2066,blue,blue
2067,blue,blue
2068,blue,blue
2069,blue,red
2070,red,red
2071,red,red
2072,blue,blue
2073,red,red
2074,red,red
2075,red,red
2076,red,red
2077,blue,blue
2078,red,red
2079,blue,blue
2080,red,red
2081,red,red
2082,red,red
2083,blue,blue
2084,red,red
2085,blue,blue
2086,red,red
2087,blue,blue
2088,blue,blue
2089,red,red
2090,red,red
2091,red,red
2092,red,red
2093,blue,blue
2094,red,red
2095,blue,red
2096,red,red
2097,red,red
2098,blue,red
2099,blue,red
2100,red,red
2101,red,red
2102,red,red
2103,blue,blue
2104,blue,blue
2105,red,red
2106,red,red
2107,blue,red
2108,blue,blue
2109,blue,blue
2110,red,red
2111,blue,blue
2112,red,red
2113,blue,blue
2114,red,red
2115,red,red
2116,red,red
2117,red,red
2118,blue,blue
2119,red,red
2120,red,red
2121,red,red
2122,red,red
2123,blue,blue
2124,red,red
2125,red,red
2126,blue,red
2127,blue,red
2128,red,red
2129,red,red
2130,red,red
2131,red,red
2132,red,red
2133,red,red
2134,red,red
2135,red,red
2136,red,red
2137,red,red
2138,blue,blue
2139,blue,red
2140,blue,blue
2141,red,red
2142,red,red
2143,red,red
2144,red,red
2145,blue,red
2146,blue,blue
2147,blue,blue
2148,blue,blue
2149,red,red
2150,red,red
2151,red,red
2152,red,red
2153,red,red
2154,red,red
2155,red,red
2156,blue,red
2157,red,red
2158,red,red
2159,blue,blue
2160,blue,blue
2161,blue,blue
2162,red,red
2163,red,red
2164,blue,blue
2165,blue,red
2166,red,red
2167,red,red
2168,red,red
2169,blue,red
2170,red,red
2171,red,red
2172,red,red
2173,red,red
2174,blue,blue
2175,blue,red
2176,blue,red
2177,blue,blue
2178,blue,blue
2179,red,red
2180,red,red
2181,blue,blue
2182,blue,red
2183,red,red
2184,blue,blue
2185,red,red
2186,blue,blue
2187,red,red
2188,red,red
2189,blue,red
2190,red,red
2191,red,red
2192,blue,blue
2193,blue,blue
2194,blue,red
2195,red,red
2196,blue,blue
2197,blue,blue
2198,blue,blue
2199,blue,red
2200,blue,blue
2201,red,red
2202,blue,blue
2203,blue,blue
2204,red,red
2205,red,red
2206,blue,blue
2207,blue,blue
2208,red,red
2209,blue,blue
2210,blue,blue
2211,red,red
2212,red,red
2213,red,red
2214,blue,blue
2215,blue,blue
2216,blue,blue
2217,blue,blue
2218,blue,blue
2219,red,red
2220,blue,blue
2221,blue,red
2222,red,red
2223,blue,blue
2224,red,red
2225,blue,red
2226,red,red
2227,red,red
2228,red,red
2229,red,red
2230,red,red
2231,blue,blue
2232,red,red
2233,blue,blue
2234,blue,blue
2235,blue,red
2236,red,red
2237,blue,red
2238,red,red
2239,red,red
2240,red,red
2241,red,red
2242,blue,blue
2243,blue,blue
2244,red,red
2245,red,blue
2246,red,red
2247,red,red
2248,blue,red
2249,blue,blue
2250,red,red
2251,blue,blue
2252,red,red
2253,red,red
2254,red,red
2255,red,red
2256,blue,red
2257,red,red
2258,red,red
2259,red,red
2260,red,red
2261,red,red
2262,red,red
2263,red,red
2264,red,red
2265,blue,blue
2266,blue,blue
2267,red,red
2268,red,red
2269,red,red
2270,red,red
2271,red,red
2272,blue,blue
2273,red,red
2274,blue,blue
2275,red,red
2276,blue,red
2277,blue,blue
2278,red,red
2279,blue,blue
2280,blue,red
2281,blue,blue
2282,blue,blue
2283,blue,red
2284,red,red
2285,blue,red
2286,blue,blue
2287,blue,blue
2288,red,red
2289,blue,blue
2290,red,red
2291,blue,blue
2292,red,red
2293,red,red
2294,red,red
2295,blue,blue
2296,red,red
2297,red,red
2298,blue,blue
2299,blue,red
2300,blue,red
2301,red,red
2302,red,red
2303,blue,red
2304,red,red
2305,red,red
2306,blue,blue
2307,red,red
2308,red,red
2309,red,red
2310,red,blue
2311,blue,blue
2312,blue,blue
2313,blue,blue
2314,red,red
2315,red,red
2316,red,blue
2317,red,red
2318,red,red
2319,red,red
2320,red,red
2321,blue,blue
2322,blue,blue
2323,blue,blue
2324,red,red
2325,blue,blue
2326,blue,red
2327,red,red
2328,blue,blue
2329,blue,blue
2330,blue,red
2331,red,red
2332,blue,blue
2333,red,red
2334,red,red
2335,blue,red
2336,blue,blue
2337,red,red
2338,red,red
2339,blue,blue
2340,red,red
2341,blue,blue
2342,blue,red
2343,red,red
2344,red,red
2345,red,red
2346,red,red
2347,red,red
2348,red,red
2349,red,red
2350,red,red
2351,red,red
2352,red,red
2353,red,red
2354,red,red
2355,red,red
2356,red,red
2357,blue,blue
2358,blue,blue
2359,blue,blue
2360,red,red
2361,blue,blue
2362,blue,red
2363,red,red
2364,blue,blue
2365,blue,blue
2366,red,red
2367,blue,blue
2368,blue,blue
2369,blue,red
2370,red,red
2371,red,red
2372,red,red
2373,red,red
2374,blue,blue
2375,blue,blue
2376,red,red
2377,red,red
2378,red,red
2379,blue,blue
2380,red,red
2381,red,red
2382,blue,red
2383,blue,blue
2384,red,red
2385,red,red
2386,red,red
2387,blue,blue
2388,blue,blue
2389,red,blue
2390,blue,blue
2391,red,red
2392,red,red
2393,blue,blue
2394,blue,blue
2395,blue,blue
2396,blue,red
2397,red,red
2398,red,red
2399,blue,blue
2400,blue,red
2401,blue,blue
2402,red,red
2403,red,red
2404,blue,blue
2405,blue,blue
2406,blue,blue
2407,red,red
2408,red,red
2409,red,red
2410,red,red
2411,red,red
2412,red,red
2413,red,red
2414,red,red
2415,red,red
2416,blue,blue
2417,blue,red
2418,blue,red
2419,red,red
2420,red,red
2421,blue,red
2422,red,red
2423,red,red
2424,red,blue
2425,blue,blue
2426,blue,blue
2427,red,red
2428,red,red
2429,red,red
2430,blue,blue
2431,red,red
2432,red,red
2433,red,red
2434,red,red
2435,red,red
2436,red,red
2437,red,red
2438,blue,blue
2439,red,red
2440,red,red
2441,red,red
2442,red,red
2443,blue,blue
2444,red,red
2445,red,red
2446,red,red
2447,red,red
2448,red,red
2449,blue,red
2450,blue,blue
2451,red,red
2452,red,red
2453,red,red
2454,blue,blue
2455,blue,blue
2456,blue,blue
2457,red,red
2458,red,red
2459,red,red
2460,red,red
2461,red,red
2462,blue,blue
2463,red,red
2464,blue,blue
2465,blue,blue
2466,red,red
2467,red,red
2468,blue,blue
2469,red,red
2470,red,red
2471,red,red
2472,blue,blue
2473,blue,blue
2474,red,red
2475,red,red
2476,red,red
2477,blue,red
2478,red,red
2479,red,red
2480,blue,blue
2481,blue,blue
2482,blue,blue
2483,red,red
2484,red,red
2485,red,red
2486,blue,blue
2487,red,red
2488,red,blue
2489,red,red
2490,red,red
2491,red,red
2492,red,red
2493,red,red
2494,blue,blue
2495,red,red
2496,red,red
2497,red,red
2498,blue,blue
2499,blue,blue
2500,blue,blue
2501,red,red
2502,red,red
2503,blue,blue
2504,blue,blue
2505,red,red
2506,red,red
2507,blue,blue
2508,red,red
2509,red,red
2510,blue,blue
2511,blue,red
2512,red,red
2513,red,red
2514,blue,blue
2515,red,red
2516,red,red
2517,blue,red
2518,red,red
2519,blue,blue
2520,red,red
2521,red,red
2522,red,red
2523,blue,blue
2524,red,red
2525,blue,red
2526,red,red
2527,blue,blue
2528,blue,red
2529,red,red
2530,red,red
2531,blue,red
2532,blue,blue
2533,red,red
2534,blue,red
2535,red,red
2536,red,red
2537,red,red
2538,red,red
2539,red,red
2540,blue,blue
2541,red,red
2542,blue,blue
2543,red,red
2544,red,red
2545,blue,blue
2546,blue,blue
2547,red,blue
2548,blue,red
2549,blue,blue
2550,blue,blue
2551,blue,blue
2552,blue,blue
2553,blue,blue
2554,red,red
2555,red,red
2556,red,red
2557,blue,blue
2558,blue,blue
2559,red,red
2560,red,red
2561,blue,blue
2562,red,red
2563,red,red
2564,blue,red
2565,red,red
2566,red,red
2567,blue,blue
2568,red,red
2569,red,red
2570,red,red
2571,red,red
2572,red,red
2573,red,red
2574,red,red
2575,red,red
2576,blue,blue
2577,red,red
2578,blue,blue
2579,red,red
2580,red,red
2581,blue,red
2582,red,red
2583,blue,red
2584,red,red
2585,blue,blue
2586,red,red
2587,red,blue
2588,blue,blue
2589,blue,blue
2590,blue,blue
2591,blue,blue
2592,red,red
2593,blue,blue
2594,blue,blue
2595,blue,blue
2596,red,red
2597,red,red
2598,red,blue
2599,blue,blue
2600,blue,blue
2601,red,blue
2602,red,red
2603,red,red
2604,red,red
2605,blue,blue
2606,blue,blue
2607,red,red
2608,blue,blue
2609,blue,blue
2610,blue,blue
2611,red,red
2612,blue,red
2613,blue,blue
2614,red,red
2615,blue,blue
2616,blue,blue
2617,red,red
2618,red,red
2619,blue,red
2620,red,red
2621,blue,blue
2622,blue,blue
2623,red,blue
2624,blue,blue
2625,blue,blue
2626,blue,blue
2627,blue,red
2628,red,red
2629,blue,blue
2630,blue,red
2631,blue,blue
2632,blue,blue
2633,red,red
2634,red,red
2635,red,red
2636,red,red
2637,blue,blue
2638,red,red
2639,red,red
2640,red,red
2641,red,red
2642,red,red
2643,red,red
2644,red,red
2645,red,red
2646,blue,blue
2647,red,red
2648,red,red
2649,red,red
2650,red,red
2651,red,red
2652,red,red
2653,red,red
2654,red,red
2655,red,red
2656,red,red
2657,red,red
2658,red,red
2659,red,red
2660,red,red
2661,red,red
2662,red,red
2663,red,red
2664,red,red
2665,red,red
2666,red,red
2667,red,red
2668,blue,red
2669,red,red
2670,red,red
2671,blue,blue
2672,blue,blue
2673,red,red
2674,blue,red
2675,blue,blue
2676,red,red
2677,blue,blue
2678,red,red
2679,blue,blue
2680,blue,blue
2681,blue,red
2682,blue,blue
2683,red,red
2684,red,red
2685,red,blue
2686,red,red
2687,red,red
2688,red,red
2689,blue,red
2690,red,red
2691,blue,blue
2692,red,red
2693,red,red
2694,red,red
2695,red,red
2696,red,red
2697,blue,red
2698,red,red
2699,blue,red
2700,red,red
2701,red,red
2702,red,red
2703,blue,blue
2704,red,red
2705,red,red
2706,red,red
2707,blue,blue
2708,red,red
2709,blue,blue
2710,blue,blue
2711,red,red
2712,red,red
2713,red,red
2714,red,blue
2715,blue,blue
2716,red,red
2717,red,red
2718,red,red
2719,red,red
2720,blue,blue
2721,red,red
2722,red,red
2723,red,red
2724,blue,blue
2725,blue,blue
2726,red,red
2727,blue,red
2728,blue,blue
2729,red,red
2730,red,red
2731,red,red
2732,red,red
2733,red,red
2734,blue,red
2735,red,red
2736,blue,blue
2737,blue,blue
2738,blue,blue
2739,red,red
2740,blue,red
2741,red,red
2742,red,red
2743,blue,blue
2744,red,red
2745,red,red
2746,blue,blue
2747,red,red
2748,red,red
2749,red,red
2750,blue,blue
2751,blue,blue
2752,red,red
2753,blue,red
2754,red,red
2755,blue,blue
2756,blue,blue
2757,blue,blue
2758,red,red
2759,red,red
2760,red,red
2761,red,red
2762,red,red
2763,blue,blue
2764,red,red
2765,red,red
2766,red,red
2767,blue,blue
2768,blue,blue
2769,red,red
2770,red,red
2771,blue,red
2772,red,red
2773,blue,blue
2774,red,red
2775,red,red
2776,blue,blue
2777,blue,blue
2778,red,red
2779,red,red
2780,blue,blue
2781,red,red
2782,blue,blue
2783,red,blue
2784,red,red
2785,blue,blue
2786,blue,blue
2787,red,red
2788,red,red
2789,red,red
2790,red,red
2791,red,red
2792,red,red
2793,red,red
2794,red,red
2795,red,red
2796,blue,red
2797,blue,blue
2798,red,red
2799,blue,red
2800,red,red
2801,red,red
2802,red,red
2803,red,red
2804,red,red
2805,blue,blue
2806,red,red
2807,red,red
2808,blue,blue
2809,red,red
2810,red,red
2811,red,red
2812,red,red
2813,red,red
2814,red,red
2815,red,red
2816,red,red
2817,red,red
2818,blue,blue
2819,red,red
2820,red,red
2821,red,red
2822,blue,blue
2823,red,red
2824,red,red
2825,blue,blue
2826,blue,blue
2827,red,red
2828,red,red
2829,red,red
2830,red,red
2831,red,red
2832,red,red
2833,blue,red
2834,blue,blue
2835,red,red
2836,red,red
2837,red,red
2838,red,red
2839,red,red
2840,red,red
2841,blue,red
2842,red,red
2843,blue,blue
2844,red,red
2845,red,red
2846,red,blue
2847,blue,blue
2848,red,red
2849,blue,blue
2850,blue,blue
2851,red,red
2852,red,red
2853,red,red
2854,red,blue
2855,red,red
2856,red,red
2857,red,red
2858,blue,blue
2859,red,red
2860,red,red
2861,blue,blue
2862,red,blue
2863,blue,blue
2864,blue,blue
2865,red,red
2866,red,red
2867,red,blue
2868,blue,blue
2869,blue,blue
2870,red,red
2871,red,red
2872,blue,blue
2873,red,red
2874,red,red
2875,red,red
2876,blue,red
2877,blue,blue
2878,red,red
2879,blue,red
2880,blue,blue
2881,blue,blue
2882,red,red
2883,red,red
2884,red,red
2885,blue,blue
2886,blue,blue
2887,blue,blue
2888,red,red
2889,red,red
2890,red,red
2891,red,red
2892,red,red
2893,blue,red
2894,blue,blue
2895,red,red
2896,red,red
2897,blue,blue
2898,red,red
2899,blue,red
2900,blue,blue
2901,red,red
2902,blue,blue
2903,blue,blue
2904,blue,blue
2905,blue,blue
2906,blue,red
2907,red,red
2908,red,red
2909,blue,red
2910,blue,blue
2911,blue,red
2912,blue,red
2913,red,red
2914,red,red
2915,red,red
2916,red,red
2917,red,red
2918,red,red
2919,red,red
2920,red,red
2921,blue,blue
2922,red,red
2923,red,red
2924,red,red
2925,red,red
2926,blue,blue
2927,red,red
2928,red,red
2929,blue,blue
2930,red,red
2931,red,red
2932,red,red
2933,blue,blue
2934,blue,blue
2935,red,red
2936,red,red
2937,red,red
2938,red,red
2939,blue,red
2940,blue,blue
2941,blue,red
2942,blue,blue
2943,red,red
2944,red,red
2945,blue,blue
2946,red,red
2947,blue,blue
2948,red,red
2949,red,red
2950,red,red
2951,blue,blue
2952,red,red
2953,red,red
2954,blue,red
2955,blue,blue
2956,blue,red
2957,red,red
2958,blue,blue
2959,blue,blue
2960,blue,blue
2961,red,red
2962,blue,blue
2963,red,red
2964,blue,blue
2965,red,red
2966,red,red
2967,blue,blue
2968,red,red
2969,blue,red
2970,red,red
2971,red,red
2972,blue,red
2973,red,red
2974,red,red
2975,red,red
2976,blue,blue
2977,red,red
2978,red,red
2979,red,red
2980,blue,red
2981,blue,blue
2982,red,red
2983,red,red
2984,blue,red
2985,red,red
2986,red,red
2987,red,red
2988,red,red
2989,blue,red
2990,red,red
2991,red,red
2992,red,red
2993,blue,blue
2994,red,red
2995,blue,blue
2996,blue,blue
2997,blue,red
2998,blue,red
2999,red,red
3000,red,red
3001,red,red
3002,red,red
3003,red,red
3004,red,red
3005,red,red
3006,red,red
3007,red,red
3008,red,red
3009,blue,red
3010,blue,blue
3011,red,red
3012,red,red
3013,red,red
3014,red,red
3015,red,red
3016,red,red
3017,blue,blue
3018,red,red
3019,blue,blue
3020,blue,red
3021,blue,blue
3022,blue,red
3023,red,red
3024,red,red
3025,red,red
3026,red,red
3027,red,red
3028,red,red
3029,blue,blue
3030,red,red
3031,blue,blue
3032,blue,blue
3033,red,red
3034,red,red
3035,blue,blue
3036,red,blue
3037,blue,blue
3038,red,red
3039,red,red
3040,blue,blue
3041,blue,blue
3042,blue,blue
3043,blue,blue
3044,blue,blue
3045,red,red
3046,red,red
3047,blue,red
3048,red,red
3049,red,red
3050,red,red
3051,blue,blue
3052,red,red
3053,blue,blue
3054,red,red
3055,red,red
3056,red,red
3057,blue,blue
3058,blue,blue
3059,blue,blue
3060,blue,blue
3061,red,red
3062,red,blue
3063,blue,blue
3064,blue,blue
3065,red,red
3066,red,red
3067,red,red
3068,blue,blue
3069,blue,blue
3070,red,red
3071,blue,blue
3072,red,red
3073,red,red
3074,red,red
3075,red,red
3076,blue,red
3077,blue,blue
3078,red,red
3079,red,red
3080,red,red
3081,red,red
3082,red,red
3083,red,red
3084,red,red
3085,blue,blue
3086,blue,red
3087,blue,red
3088,red,red
3089,blue,red
3090,red,red
3091,blue,blue
3092,red,red
3093,blue,blue
3094,red,red
3095,red,red
3096,blue,blue
3097,red,blue
3098,red,red
3099,red,red
3100,red,red
3101,blue,blue
3102,blue,blue
3103,red,red
3104,red,red
3105,blue,blue
3106,red,red
3107,blue,blue
3108,blue,red
3109,red,red
3110,red,red
3111,blue,blue
3112,red,blue
3113,blue,blue
3114,blue,blue
3115,red,red
3116,red,red
3117,blue,blue
3118,red,red
3119,blue,blue
3120,red,red
3121,red,red
3122,red,red
3123,blue,blue
3124,blue,red
3125,blue,red
3126,blue,blue
3127,red,red
3128,blue,blue
3129,red,red
3130,blue,blue
3131,red,red
3132,blue,blue
3133,red,red
3134,blue,blue
3135,blue,blue
3136,blue,blue
3137,red,red
3138,red,red
3139,blue,blue
3140,blue,blue
3141,red,red
3142,red,red
3143,red,red
3144,red,red
3145,red,red
3146,red,red
3147,red,red
3148,red,red
3149,blue,blue
3150,red,red
3151,blue,red
3152,blue,blue
3153,red,red
3154,blue,red
3155,red,red
3156,blue,blue
3157,red,red
3158,blue,blue
3159,blue,blue
3160,blue,blue
3161,red,red
3162,red,red
3163,red,red
3164,red,red
3165,red,red
3166,red,red
3167,red,red
3168,red,red
3169,red,red
3170,blue,blue
3171,blue,blue
3172,blue,blue
3173,red,red
3174,red,red
3175,blue,red
3176,red,red
3177,red,red
3178,red,red
3179,red,red
3180,red,red
3181,red,red
3182,red,red
3183,red,red
3184,red,red
3185,red,red
3186,red,red
3187,red,red
3188,red,red
3189,blue,blue
3190,blue,blue
3191,blue,blue
3192,red,red
3193,red,red
3194,red,red
3195,red,red
3196,blue,blue
3197,blue,red
3198,blue,blue
3199,red,red
3200,blue,blue
3201,blue,blue
3202,red,red
3203,blue,blue
3204,red,red
3205,red,red
3206,red,red
3207,blue,blue
3208,red,red
3209,blue,blue
3210,blue,blue
3211,red,red
3212,red,red
3213,blue,blue
3214,red,red
3215,red,red
3216,blue,blue
3217,red,red
3218,blue,red
3219,red,red
3220,red,red
3221,blue,blue
3222,red,red
3223,blue,blue
3224,red,red
3225,red,red
3226,blue,blue
3227,red,red
3228,red,red
3229,red,red
3230,blue,blue
3231,red,red
3232,red,red
3233,blue,red
3234,red,red
3235,red,red
3236,blue,blue
3237,red,red
3238,blue,blue
3239,blue,red
3240,red,red
3241,blue,blue
3242,blue,blue
3243,red,red
3244,red,red
3245,red,red
3246,blue,blue
3247,red,blue
3248,red,red
3249,red,red
3250,blue,blue
3251,red,red
3252,red,red
3253,red,red
3254,red,red
3255,red,red
3256,red,red
3257,blue,blue
3258,red,red
3259,red,red
3260,red,blue
3261,blue,blue
3262,red,red
3263,blue,blue
3264,blue,blue
3265,red,red
3266,blue,red
3267,red,red
3268,blue,blue
3269,blue,blue
3270,blue,red
3271,blue,red
3272,red,red
3273,red,red
3274,red,red
3275,red,red
3276,red,red
3277,red,red
3278,red,red
3279,blue,blue
3280,red,red
3281,red,red
3282,red,red
3283,red,red
3284,blue,blue
3285,blue,blue
3286,red,red
3287,red,red
3288,blue,red
3289,red,red
3290,blue,blue
3291,blue,red
3292,blue,blue
3293,blue,blue
3294,red,red
3295,blue,blue
3296,red,red
3297,blue,red
3298,blue,blue
3299,red,red
3300,red,red
3301,red,red
3302,blue,blue
3303,red,red
3304,blue,blue
3305,blue,blue
3306,red,red
3307,red,red
3308,blue,red
3309,red,red
3310,blue,blue
3311,blue,blue
3312,red,red
3313,blue,blue
3314,red,red
3315,blue,blue
3316,blue,blue
3317,red,blue
3318,red,red
3319,blue,blue
3320,red,red
3321,red,red
3322,red,red
3323,blue,blue
3324,red,red
3325,red,red
3326,red,red
3327,red,red
3328,blue,blue
3329,blue,red
3330,blue,red
3331,red,red
3332,blue,blue
3333,blue,red
3334,red,red
3335,red,red
3336,red,red
3337,blue,blue
3338,red,red
3339,red,red
3340,red,red
3341,red,red
3342,red,red
3343,red,red
3344,blue,red
3345,red,red
3346,blue,red
3347,blue,blue
3348,red,red
3349,red,red
3350,red,red
3351,red,red
3352,red,red
3353,blue,blue
3354,red,red
3355,red,red
3356,blue,blue
3357,blue,blue
3358,red,red
3359,blue,red
3360,blue,blue
3361,red,red
3362,blue,blue
3363,red,red
3364,red,red
3365,red,red
3366,blue,blue
3367,blue,blue
3368,red,red
3369,blue,blue
3370,red,red
3371,red,red
3372,blue,red
3373,red,red
3374,blue,blue
3375,red,red
3376,blue,blue
3377,red,red
3378,blue,red
3379,blue,blue
3380,blue,blue
3381,red,red
3382,red,red
3383,blue,blue
3384,red,blue
3385,red,red
3386,blue,blue
3387,red,red
3388,red,red
3389,red,red
3390,red,red
3391,red,red
3392,blue,blue
3393,blue,red
3394,red,red
3395,red,blue
3396,blue,blue
3397,red,red
3398,red,red
3399,red,red
3400,blue,blue
3401,red,red
3402,red,red
3403,red,red
3404,red,red
3405,blue,blue
3406,blue,blue
3407,red,red
3408,blue,blue
3409,red,red
3410,blue,blue
3411,red,red
3412,red,red
3413,blue,blue
3414,red,red
3415,red,red
3416,blue,blue
3417,blue,red
3418,red,red
3419,red,red
3420,red,red
3421,blue,blue
3422,blue,blue
3423,blue,blue
3424,blue,red
3425,red,red
3426,red,blue
3427,red,red
3428,red,red
3429,red,red
3430,red,red
3431,red,red
3432,blue,blue
3433,blue,blue
3434,blue,blue
3435,red,red
3436,blue,blue
3437,red,red
3438,red,red
3439,red,red
3440,blue,blue
3441,blue,blue
3442,blue,blue
3443,red,red
3444,blue,blue
3445,red,red
3446,red,red
3447,red,red
3448,blue,blue
3449,red,red
3450,red,red
3451,blue,red
3452,blue,blue
3453,blue,red
3454,red,red
3455,blue,red
3456,red,red
3457,red,red
3458,red,red
3459,red,red
3460,red,red
3461,red,red
3462,blue,blue
3463,red,red
3464,blue,blue
3465,red,red
3466,red,red
3467,red,red
3468,blue,red
3469,blue,blue
3470,blue,blue
3471,blue,blue
3472,red,red
3473,red,red
3474,blue,blue
3475,red,red
3476,red,red
3477,red,red
3478,red,red
3479,red,red
3480,blue,blue
3481,red,red
3482,blue,blue
3483,red,red
3484,blue,blue
3485,red,red
3486,red,red
3487,blue,blue
3488,red,red
3489,red,red
3490,blue,blue
3491,red,red
3492,blue,blue
3493,red,red
3494,red,red
3495,red,red
3496,red,red
3497,red,red
3498,blue,blue
3499,red,red
3500,red,red
3501,red,red
3502,blue,blue
3503,blue,red
3504,red,red
3505,blue,blue
3506,blue,red
3507,blue,blue
3508,blue,blue
3509,red,red
3510,red,red
3511,red,red
3512,red,red
3513,red,red
3514,red,red
3515,red,red
3516,red,red
3517,red,red
3518,red,red
3519,blue,blue
3520,red,red
3521,red,red
3522,blue,blue
3523,blue,blue
3524,blue,blue
3525,blue,blue
3526,red,red
3527,blue,red
3528,red,red
3529,red,red
3530,red,red
3531,red,red
3532,red,red
3533,blue,blue
3534,blue,blue
3535,blue,red
3536,blue,blue
3537,red,red
3538,red,red
3539,red,red
3540,red,red
3541,red,red
3542,red,red
3543,blue,blue
3544,red,red
3545,red,red
3546,blue,blue
3547,red,red
3548,blue,red
3549,red,red
3550,red,red
3551,red,red
3552,blue,blue
3553,blue,blue
3554,red,red
3555,blue,blue
3556,blue,blue
3557,red,red
3558,blue,blue
3559,red,red
3560,blue,blue
3561,blue,blue
3562,blue,blue
3563,red,red
3564,red,red
3565,red,red
3566,red,red
3567,red,red
3568,red,red
3569,red,red
3570,blue,blue
3571,red,red
3572,red,red
3573,red,red
3574,blue,red
3575,blue,red
3576,blue,blue
3577,blue,red
3578,blue,blue
3579,red,red
3580,blue,blue
3581,red,red
3582,blue,blue
3583,red,red
3584,red,red
3585,red,red
3586,red,red
3587,blue,blue
3588,red,red
3589,red,red
3590,blue,blue
3591,red,red
3592,blue,blue
3593,blue,blue
3594,red,red
3595,red,red
3596,blue,blue
3597,red,red
3598,red,red
3599,blue,blue
3600,red,red
3601,red,red
3602,blue,blue
3603,red,red
3604,blue,blue
3605,red,red
3606,red,red
3607,red,red
3608,red,red
3609,blue,blue
3610,red,red
3611,blue,red
3612,red,red
3613,red,red
3614,red,red
3615,blue,blue
3616,blue,red
3617,red,red
3618,blue,blue
3619,red,red
3620,red,red
3621,blue,blue
3622,red,red
3623,blue,blue
3624,blue,blue
3625,red,red
3626,red,red
3627,blue,blue
3628,red,red
3629,red,red
3630,red,red
3631,red,red
3632,red,red
3633,red,red
3634,red,red
3635,blue,blue
3636,red,red
3637,red,blue
3638,blue,red
3639,red,red
3640,red,red
3641,red,red
3642,red,red
3643,blue,red
3644,red,red
3645,blue,blue
3646,red,red
3647,blue,blue
3648,red,red
3649,blue,blue
3650,red,red
3651,red,red
3652,red,red
3653,red,red
3654,blue,blue
3655,blue,blue
3656,red,red
3657,blue,blue
3658,blue,blue
3659,blue,blue
3660,blue,red
3661,red,red
3662,red,red
3663,red,red
3664,blue,red
3665,red,red
3666,blue,blue
3667,red,red
3668,blue,red
3669,blue,blue
3670,blue,red
3671,red,red
3672,blue,red
3673,red,red
3674,red,red
3675,red,red
3676,red,red
3677,red,red
3678,red,red
3679,red,red
3680,red,red
3681,red,red
3682,red,red
3683,blue,blue
3684,red,red
3685,red,red
3686,red,red
3687,red,red
3688,blue,blue
3689,blue,blue
3690,blue,red
3691,red,red
3692,red,red
3693,red,red
3694,red,red
3695,red,red
3696,blue,blue
3697,blue,blue
3698,red,red
3699,red,red
3700,red,red
3701,red,red
3702,red,red
3703,red,red
3704,red,red
3705,blue,blue
3706,blue,blue
3707,red,red
3708,red,red
3709,red,red
3710,blue,red
3711,red,red
3712,red,red
3713,red,red
3714,red,red
3715,red,red
3716,blue,blue
3717,blue,blue
3718,blue,red
3719,blue,blue
3720,red,red
3721,red,red
3722,red,red
3723,red,red
3724,blue,blue
3725,red,red
3726,blue,blue
3727,red,red
3728,red,red
3729,red,red
3730,blue,blue
3731,red,red
3732,blue,blue
3733,red,red
3734,red,red
3735,red,red
3736,red,red
3737,red,red
3738,red,red
3739,red,red
3740,blue,blue
3741,blue,blue
3742,blue,blue
3743,red,red
3744,red,red
3745,blue,blue
3746,red,red
3747,red,red
3748,red,red
3749,red,red
3750,red,red
3751,red,red
3752,red,red
3753,blue,blue
3754,blue,red
3755,blue,blue
3756,red,red
3757,blue,blue
3758,red,red
3759,blue,blue
3760,red,red
3761,red,red
3762,red,red
3763,red,red
3764,red,red
3765,blue,blue
3766,red,red
3767,blue,red
3768,red,red
3769,red,red
3770,red,red
3771,red,red
3772,red,red
3773,blue,blue
3774,red,red
3775,red,red
3776,blue,blue
3777,red,red
3778,red,red
3779,red,red
3780,red,red
3781,red,red
3782,red,red
3783,red,blue
3784,red,red
3785,red,red
3786,red,red
3787,blue,blue
3788,red,red
3789,blue,blue
3790,blue,blue
3791,blue,blue
3792,blue,blue
3793,blue,red
3794,red,red
3795,blue,blue
3796,red,red
3797,red,red
3798,red,red
3799,red,red
3800,red,red
3801,red,red
3802,red,red
3803,red,red
3804,blue,blue
3805,red,red
3806,red,red
3807,red,red
3808,red,red
3809,blue,blue
3810,red,red
3811,blue,red
3812,red,red
3813,blue,red
3814,red,red
3815,blue,blue
3816,red,red
3817,red,red
3818,blue,red
3819,blue,blue
3820,red,red
3821,blue,red
3822,red,red
3823,red,red
3824,red,red
3825,red,red
3826,red,red
3827,red,red
3828,blue,blue
3829,blue,blue
3830,red,red
3831,red,red
3832,red,red
3833,red,red
3834,red,red
3835,red,red
3836,blue,blue
3837,red,red
3838,red,red
3839,red,red
3840,red,red
3841,red,red
3842,red,red
3843,red,red
3844,red,red
3845,red,red
3846,red,red
3847,red,red
3848,red,red
3849,red,red
3850,red,red
3851,red,red
3852,red,red
3853,red,red
3854,red,red
3855,red,red
3856,red,red
3857,red,red
3858,red,red
3859,red,red
3860,red,red
3861,red,red
3862,red,red
3863,blue,blue
3864,red,red
3865,red,red
3866,red,red
3867,red,red
3868,red,red
3869,red,red
3870,red,red
3871,blue,red
3872,red,red
3873,blue,blue
3874,blue,blue
3875,red,red
3876,red,red
3877,red,red
3878,red,red
3879,blue,blue
3880,blue,blue
3881,red,red
3882,blue,red
3883,red,red
3884,blue,blue
3885,blue,blue
3886,blue,blue
3887,blue,blue
3888,blue,blue
3889,red,red
3890,red,red
3891,blue,blue
3892,blue,blue
3893,blue,blue
3894,red,red
3895,red,red
3896,red,red
3897,red,red
3898,red,red
3899,red,red
3900,blue,blue
3901,red,red
3902,blue,blue
3903,red,red
3904,red,red
3905,red,red
3906,blue,blue
3907,blue,blue
3908,blue,blue
3909,red,red
3910,red,red
3911,blue,blue
3912,red,red
3913,red,red
3914,red,red
3915,blue,blue
3916,red,red
3917,red,red
3918,red,red
3919,blue,blue
3920,red,red
3921,blue,blue
3922,red,red
3923,red,red
3924,red,red
3925,red,red
3926,red,red
3927,red,red
3928,red,red
3929,red,red
3930,red,red
3931,red,red
3932,red,red
3933,blue,red
3934,red,red
3935,red,red
3936,red,red
3937,red,red
3938,red,red
3939,red,red
3940,red,red
3941,blue,red
3942,red,red
3943,blue,blue
3944,red,red
3945,blue,blue
3946,red,red
3947,blue,blue
3948,red,blue
3949,blue,blue
3950,red,red
3951,red,red
3952,blue,blue
3953,blue,blue
3954,blue,blue
3955,blue,blue
3956,blue,blue
3957,red,red
3958,red,red
3959,red,red
3960,red,red
3961,red,red
3962,red,red
3963,red,red
3964,red,red
3965,blue,blue
3966,red,red
3967,red,red
3968,blue,red
3969,red,red
3970,red,red
3971,red,red
3972,red,red
3973,red,red
3974,red,red
3975,red,red
3976,red,red
3977,blue,blue
3978,red,red
3979,blue,blue
3980,blue,blue
3981,blue,blue
3982,blue,blue
3983,red,red
3984,red,red
3985,blue,blue
3986,red,red
3987,red,red
3988,red,red
3989,blue,blue
3990,red,red
3991,red,red
3992,blue,blue
3993,red,red
3994,blue,blue
3995,blue,blue
3996,blue,blue
3997,blue,blue
3998,blue,red
3999,blue,blue
4000,blue,blue
4001,blue,blue
4002,red,red
4003,red,red
4004,red,blue
4005,red,red
4006,red,red
4007,blue,blue
4008,red,red
4009,red,red
4010,red,red
4011,red,red
4012,red,red
4013,red,red
4014,red,red
4015,red,red
4016,blue,red
4017,red,red
4018,red,red
4019,red,red
4020,red,red
4021,red,red
4022,red,red
4023,red,red
4024,red,red
4025,red,red
4026,red,red
4027,red,red
4028,red,red
4029,blue,blue
4030,red,red
4031,red,red
4032,blue,blue
4033,blue,blue
4034,red,red
4035,red,red
4036,red,red
4037,blue,blue
4038,red,red
4039,red,red
4040,blue,blue
4041,blue,blue
4042,blue,red
4043,blue,blue
4044,red,red
4045,red,red
4046,blue,blue
4047,red,red
4048,red,red
4049,blue,red
4050,red,red
4051,red,red
4052,red,red
4053,red,red
4054,blue,blue
4055,red,red
4056,blue,blue
4057,red,red
4058,red,red
4059,red,red
4060,red,red
4061,red,red
4062,blue,red
4063,red,red
4064,red,red
4065,blue,blue
4066,blue,red
4067,red,red
4068,red,red
4069,red,red
4070,red,red
4071,blue,red
4072,blue,blue
4073,red,red
4074,blue,blue
4075,red,red
4076,red,red
4077,blue,blue
4078,red,red
4079,red,red
4080,red,red
4081,red,red
4082,red,red
4083,red,red
4084,blue,blue
4085,blue,blue
4086,red,red
4087,red,red
4088,blue,blue
4089,red,blue
4090,red,red
4091,red,red
4092,blue,blue
4093,red,red
4094,blue,red
4095,red,red
4096,red,red
4097,red,red
4098,red,red
4099,red,red
4100,blue,blue
4101,blue,blue
4102,red,red
4103,red,red
4104,red,red
4105,red,red
4106,blue,blue
4107,red,red
4108,red,red
4109,blue,blue
4110,red,red
4111,red,red
4112,blue,red
4113,red,red
4114,blue,red
4115,blue,blue
4116,blue,blue
4117,red,blue
4118,red,red
4119,red,red
4120,red,red
4121,blue,blue
4122,red,red
4123,blue,blue
4124,blue,red
4125,red,red
4126,red,red
4127,red,red
4128,red,red
4129,blue,blue
4130,blue,red
4131,blue,blue
4132,blue,blue
4133,red,red
4134,red,red
4135,red,red
4136,blue,blue
4137,red,red
4138,red,red
4139,blue,blue
4140,red,red
4141,blue,blue
4142,red,red
4143,blue,blue
4144,red,red
4145,blue,blue
4146,red,red
4147,red,red
4148,blue,blue
4149,red,red
4150,red,red
4151,red,red
4152,blue,blue
4153,red,red
4154,red,red
4155,red,red
4156,blue,blue
4157,red,red
4158,red,red
4159,blue,red
4160,red,red
4161,blue,blue
4162,red,red
4163,red,red
4164,red,red
4165,blue,red
4166,red,red
4167,red,red
4168,red,red
4169,red,red
4170,blue,blue
4171,blue,blue
4172,blue,red
4173,red,red
4174,red,red
4175,blue,blue
4176,red,red
4177,red,red
4178,blue,blue
4179,red,red
4180,red,red
4181,red,red
4182,red,red
4183,blue,blue
4184,red,red
4185,red,red
4186,blue,blue
4187,red,red
4188,red,red
4189,red,red
4190,blue,blue
4191,red,red
4192,red,red
4193,red,red
4194,red,red
4195,red,red
4196,blue,blue
4197,red,red
4198,red,red
4199,blue,blue
4200,blue,blue
4201,red,red
4202,red,red
4203,red,red
4204,red,red
4205,red,red
4206,red,red
4207,blue,blue
4208,red,red
4209,red,red
4210,red,red
4211,red,red
4212,red,red
4213,red,red
4214,red,red
4215,blue,blue
4216,blue,blue
4217,blue,blue
4218,blue,blue
4219,blue,blue
4220,blue,blue
4221,red,red
4222,red,red
4223,red,red
4224,red,red
4225,red,red
4226,red,red
4227,blue,red
4228,blue,red
4229,blue,blue
4230,blue,blue
4231,blue,red
4232,red,red
4233,blue,blue
4234,red,red
4235,red,red
4236,red,red
4237,red,red
4238,red,red
4239,blue,blue
4240,red,red
4241,red,red
4242,red,red
4243,blue,blue
4244,red,red
4245,red,red
4246,red,red
4247,red,red
4248,red,red
4249,red,red
4250,red,red
4251,red,red
4252,red,red
4253,red,red
4254,red,red
4255,red,red
4256,red,red
4257,red,red
4258,red,red
4259,red,red
4260,red,red
4261,red,red
4262,red,red
4263,red,red
4264,red,red
4265,blue,red
4266,red,red
4267,red,red
4268,red,red
4269,red,blue
4270,blue,blue
4271,red,red
4272,red,red
4273,red,red
4274,blue,blue
4275,red,red
4276,red,red
4277,red,red
4278,red,red
4279,red,red
4280,red,red
4281,red,red
4282,red,red
4283,red,red
4284,red,red
4285,red,red
4286,red,red
4287,red,red
4288,red,red
4289,blue,blue
4290,red,red
4291,red,red
4292,red,red
4293,red,red
4294,red,red
4295,red,red
4296,red,red
4297,red,red
4298,red,red
4299,red,red
4300,red,red
4301,red,red
4302,red,red
4303,red,red
4304,red,red
4305,red,red
4306,red,red
4307,red,red
4308,red,red
4309,blue,blue
4310,blue,blue
4311,blue,blue
4312,red,red
4313,red,red
4314,blue,blue
4315,red,red
4316,blue,blue
4317,blue,blue
4318,blue,blue
4319,red,red
4320,blue,blue
4321,blue,red
4322,blue,blue
4323,red,red
4324,blue,blue
4325,red,red
4326,blue,blue
4327,red,red
4328,red,red
4329,blue,blue
4330,red,red
4331,blue,blue
4332,red,red
4333,red,red
4334,red,red
4335,red,red
4336,red,red
4337,blue,blue
4338,red,red
4339,blue,blue
4340,red,red
4341,blue,red
4342,red,red
4343,red,red
4344,red,red
4345,blue,blue
4346,red,red
4347,red,red
4348,red,red
4349,red,red
4350,red,red
4351,red,red
4352,red,red
4353,red,red
4354,red,red
4355,red,red
4356,blue,blue
4357,red,red
4358,red,red
4359,red,red
4360,blue,blue
4361,blue,blue
4362,red,red
4363,red,red
4364,red,red
4365,red,red
4366,red,red
4367,red,red
4368,blue,blue
4369,blue,blue
4370,red,red
4371,red,red
4372,red,red
4373,blue,blue
4374,red,red
4375,red,red
4376,blue,blue
4377,red,red
4378,red,red
4379,red,red
4380,red,red
4381,blue,blue
4382,blue,blue
4383,blue,red
4384,red,red
4385,blue,blue
4386,blue,blue
4387,red,red
4388,red,red
4389,blue,blue
4390,red,red
4391,blue,blue
4392,red,red
4393,blue,blue
4394,red,red
4395,red,red
4396,red,red
4397,red,red
4398,blue,red
4399,red,red
4400,red,red
4401,blue,blue
4402,blue,red
4403,red,red
4404,blue,red
4405,red,red
4406,red,red
4407,red,red
4408,blue,blue
4409,red,red
4410,blue,red
4411,red,red
4412,red,red
4413,red,red
4414,blue,blue
4415,red,red
4416,red,red
4417,red,red
4418,red,red
4419,red,red
4420,red,red
4421,blue,red
4422,red,red
4423,red,red
4424,red,red
4425,red,red
4426,red,red
4427,red,red
4428,red,red
4429,blue,blue
4430,red,red
4431,red,red
4432,red,red
4433,red,red
4434,blue,blue
4435,red,red
4436,red,red
4437,red,red
4438,blue,blue
4439,red,red
4440,red,red
4441,blue,blue
4442,blue,blue
4443,red,red
4444,blue,blue
4445,red,red
4446,red,red
4447,red,red
4448,red,red
4449,blue,red
4450,blue,red
4451,blue,red
4452,blue,red
4453,red,red
4454,red,red
4455,red,red
4456,red,red
4457,blue,blue
4458,blue,blue
4459,blue,blue
4460,blue,blue
4461,red,red
4462,blue,red
4463,red,red
4464,red,red
4465,red,red
4466,red,red
4467,blue,blue
4468,blue,blue
4469,red,red
4470,blue,blue
4471,blue,blue
4472,red,red
4473,blue,blue
4474,blue,red
4475,red,red
4476,red,red
4477,red,red
4478,red,red
4479,red,red
4480,blue,blue
4481,red,red
4482,red,red
4483,red,red
4484,blue,red
4485,red,red
4486,red,red
4487,red,red
4488,blue,blue
4489,red,red
4490,blue,red
4491,red,red
4492,red,red
4493,red,red
4494,red,red
4495,red,red
4496,red,red
4497,red,red
4498,red,red
4499,red,red
4500,red,red
4501,red,red
4502,red,red
4503,red,red
4504,red,red
4505,red,red
4506,red,red
4507,red,red
4508,red,red
4509,red,red
4510,red,red
4511,red,red
4512,blue,red
4513,blue,blue
4514,blue,blue
4515,red,red
4516,red,red
4517,red,red
4518,blue,red
4519,red,red
4520,red,red
4521,red,red
4522,red,red
4523,red,red
4524,blue,blue
4525,red,red
4526,red,red
4527,red,red
4528,red,red
4529,red,red
4530,blue,blue
4531,red,red
4532,blue,blue
4533,blue,blue
4534,blue,red
4535,red,red
4536,blue,blue
4537,red,red
4538,blue,blue
4539,red,red
4540,red,red
4541,red,red
4542,red,red
4543,blue,red
4544,red,red
4545,blue,blue
4546,blue,red
4547,red,red
4548,red,red
4549,red,red
4550,red,red
4551,red,red
4552,blue,blue
4553,red,red
4554,red,red
4555,red,red
4556,red,red
4557,red,red
4558,red,red
4559,red,red
4560,red,red
4561,red,red
4562,red,red
4563,red,red
4564,blue,red
4565,red,red
4566,blue,blue
4567,red,red
4568,red,red
4569,red,red
4570,red,red
4571,red,red
4572,red,red
4573,red,red
4574,red,red
4575,red,red
4576,red,red
4577,red,red
4578,red,red
4579,red,red
4580,red,red
4581,red,red
4582,red,red
4583,red,red
4584,red,red
4585,red,red
4586,red,red
4587,red,red
4588,red,red
4589,red,blue
4590,red,red
4591,red,red
4592,blue,blue
4593,blue,blue
4594,red,red
4595,red,red
4596,blue,blue
4597,red,red
4598,red,blue
4599,blue,blue
4600,red,red
4601,red,red
4602,blue,red
4603,blue,red
4604,red,red
4605,red,red
4606,red,red
4607,blue,blue
4608,red,red
4609,red,red
4610,red,red
4611,blue,blue
4612,red,red
4613,red,blue
4614,blue,blue
4615,red,red
4616,blue,blue
4617,blue,blue
4618,blue,red
4619,red,red
4620,blue,blue
4621,red,red
4622,red,red
4623,blue,blue
4624,red,red
4625,blue,blue
4626,red,red
4627,red,red
4628,red,red
4629,red,red
4630,red,red
4631,red,red
4632,red,red
4633,red,red
4634,red,red
4635,red,red
4636,red,red
4637,red,red
4638,red,red
4639,blue,blue
4640,red,red
4641,red,red
4642,blue,blue
4643,red,red
4644,red,red
4645,red,red
4646,blue,red
4647,red,red
4648,blue,blue
4649,red,red
4650,red,red
4651,red,red
4652,red,red
4653,red,red
4654,red,red
4655,red,red
4656,red,red
4657,red,red
4658,red,red
4659,red,red
4660,red,red
4661,red,red
4662,red,red
4663,red,red
4664,red,red
4665,red,red
4666,red,red
4667,red,red
4668,red,red
4669,red,red
4670,blue,blue
4671,red,red
4672,blue,blue
4673,blue,blue
4674,red,red
4675,red,red
4676,blue,blue
4677,red,red
4678,red,red
4679,red,red
4680,blue,blue
4681,blue,blue
4682,red,red
4683,red,red
4684,blue,blue
4685,red,red
4686,blue,blue
4687,red,red
4688,red,red
4689,red,red
4690,red,red
4691,red,red
4692,red,red
4693,red,red
4694,red,red
4695,red,blue
4696,red,red
4697,red,red
4698,red,red
4699,red,red
4700,red,red
4701,blue,blue
4702,blue,red
4703,red,red
4704,red,red
4705,red,red
4706,red,red
4707,red,red
4708,red,red
4709,red,red
4710,red,red
4711,red,red
4712,red,red
4713,red,red
4714,red,red
4715,blue,blue
4716,blue,blue
4717,red,red
4718,red,red
4719,blue,blue
4720,blue,red
4721,red,red
4722,red,red
4723,blue,blue
4724,red,red
4725,blue,red
4726,red,red
4727,red,red
4728,red,red
4729,blue,blue
4730,red,red
4731,red,red
4732,red,red
4733,blue,blue
4734,blue,blue
4735,red,red
4736,red,red
4737,blue,red
4738,blue,blue
4739,blue,blue
4740,blue,red
4741,blue,blue
4742,red,red
4743,blue,blue
4744,red,red
4745,blue,blue
4746,blue,blue
4747,blue,blue
4748,red,red
4749,blue,blue
4750,red,red
4751,red,red
4752,red,red
4753,red,red
4754,red,red
4755,red,red
4756,blue,blue
4757,red,red
4758,blue,blue
4759,red,red
4760,red,red
4761,blue,blue
4762,red,red
4763,red,red
4764,red,red
4765,red,red
4766,red,red
4767,blue,blue
4768,blue,blue
4769,red,red
4770,blue,red
4771,red,red
4772,blue,blue
4773,red,red
4774,blue,blue
4775,red,red
4776,red,red
4777,red,red
4778,red,red
4779,blue,blue
4780,blue,blue
4781,red,red
4782,red,red
4783,red,red
4784,red,red
4785,red,red
4786,red,red
4787,red,red
4788,red,red
4789,red,red
4790,red,red
4791,blue,blue
4792,red,red
4793,blue,red
4794,red,red
4795,red,red
4796,red,red
4797,red,red
4798,red,red
4799,red,red
4800,red,red
4801,red,red
4802,red,red
4803,red,red
4804,red,red
4805,red,red
4806,red,red
4807,red,red
4808,red,red
4809,red,red
4810,red,red
4811,red,red
4812,red,red
4813,red,red
4814,red,red
4815,blue,blue
4816,red,red
4817,red,red
4818,red,red
4819,red,red
4820,red,red
4821,red,red
4822,red,red
4823,red,red
4824,blue,red
4825,red,red
4826,blue,blue
4827,red,red
4828,red,red
4829,red,red
4830,red,red
4831,red,red
4832,red,red
4833,red,red
4834,red,red
4835,red,red
4836,red,red
4837,red,red
4838,red,red
4839,red,red
4840,red,red
4841,blue,blue
4842,red,red
4843,red,red
4844,blue,blue
4845,blue,blue
4846,blue,blue
4847,red,red
4848,red,red
4849,red,red
4850,red,red
4851,blue,blue
4852,red,red
4853,blue,red
4854,red,red
4855,red,red
4856,red,red
4857,red,red
4858,red,red
4859,red,red
4860,red,red
4861,blue,blue
4862,red,red
4863,blue,blue
4864,red,red
4865,red,red
4866,red,red
4867,red,red
4868,red,red
4869,red,red
4870,red,red
4871,red,red
4872,red,red
4873,red,red
4874,red,red
4875,red,red
4876,blue,blue
4877,red,red
4878,blue,red
4879,blue,blue
4880,blue,red
4881,red,red
4882,blue,red
4883,blue,red
4884,red,red
4885,red,red
4886,red,red
4887,red,red
4888,red,red
4889,red,red
4890,red,red
4891,blue,red
4892,red,red
4893,red,red
4894,blue,red
4895,red,red
4896,red,red
4897,red,red
4898,red,red
4899,blue,blue
4900,blue,blue
4901,blue,red
4902,blue,red
4903,blue,blue
4904,red,red
4905,red,red
4906,blue,red
4907,red,red
4908,red,red
4909,red,red
4910,red,red
4911,blue,red
4912,blue,blue
4913,red,red
4914,red,red
4915,blue,blue
4916,red,red
4917,red,red
4918,red,red
4919,red,red
4920,red,red
4921,red,red
4922,red,red
4923,red,red
4924,blue,red
4925,red,red
4926,red,red
4927,red,red
4928,red,red
4929,red,red
4930,red,red
4931,red,red
4932,blue,blue
4933,red,red
4934,red,red
4935,red,red
4936,red,red
4937,red,red
4938,red,red
4939,red,red
4940,red,red
4941,red,red
4942,red,red
4943,red,red
4944,blue,red
4945,blue,blue
4946,red,red
4947,red,red
4948,red,red
4949,red,red
4950,red,red
4951,red,red
4952,red,red
4953,red,red
4954,red,red
4955,red,red
4956,red,red
4957,red,red
4958,red,red
4959,red,red
4960,red,red
4961,red,red
4962,red,red
4963,blue,red
4964,red,red
4965,red,red
4966,red,red
4967,red,red
4968,red,red
4969,red,red
4970,red,red
4971,red,red
4972,red,red
4973,red,red
4974,red,red
4975,red,red
4976,red,red
4977,red,red
4978,red,red
4979,red,red
4980,red,red
4981,red,red
4982,red,red
4983,red,red
4984,red,red
4985,red,red
4986,red,red
4987,red,red
4988,red,red
4989,red,red
4990,red,red
4991,red,red
4992,red,red
4993,red,red
4994,blue,blue
4995,red,red
4996,blue,blue
4997,red,red
4998,red,red
4999,blue,blue
5000,blue,blue
5001,red,red
5002,red,red
5003,red,red
5004,red,red
5005,red,red
5006,blue,red
5007,blue,blue
5008,red,red
5009,red,red
5010,red,red
5011,blue,blue
5012,blue,blue
5013,red,red
5014,red,red
5015,red,red
5016,red,red
5017,red,red
5018,red,red
5019,red,red
5020,blue,red
5021,blue,blue
5022,red,red
5023,red,red
5024,red,red
5025,red,red
5026,blue,red
5027,red,red
5028,red,red
5029,red,red
5030,red,red
5031,red,red
5032,red,red
5033,red,red
5034,red,red
5035,red,red
5036,red,red
5037,red,red
5038,red,red
5039,red,red
5040,red,red
5041,blue,blue
5042,red,red
5043,red,red
5044,red,red
5045,blue,red
5046,blue,blue
5047,red,red
5048,red,red
5049,red,red
5050,red,red
5051,red,red
5052,red,red
5053,red,red
5054,red,red
5055,red,red
5056,red,red
5057,red,red
5058,red,red
5059,red,red
5060,red,red
5061,red,red
5062,red,red
5063,blue,blue
5064,red,red
5065,blue,blue
5066,red,red
5067,red,red
5068,red,red
5069,blue,red
5070,blue,blue
5071,red,red
5072,red,red
5073,red,blue
5074,blue,blue
5075,red,red
5076,red,red
5077,red,red
5078,red,red
5079,red,red
5080,red,red
5081,red,red
5082,red,red
5083,red,red
5084,red,red
5085,red,red
5086,red,red
5087,red,red
5088,red,red
5089,red,red
5090,red,red
5091,red,red
5092,red,red
5093,blue,blue
5094,red,red
5095,blue,red
5096,blue,red
5097,red,red
5098,red,red
5099,blue,blue
5100,blue,blue
5101,red,red
5102,red,red
5103,red,red
5104,red,red
5105,red,red
5106,red,red
5107,blue,blue
5108,red,red
5109,red,red
5110,red,red
5111,red,red
5112,red,red
5113,red,red
5114,red,red
5115,red,red
5116,red,red
5117,red,red
5118,blue,blue
5119,red,red
5120,red,red
5121,red,red
5122,red,red
5123,red,red
5124,blue,blue
5125,red,red
5126,blue,blue
5127,red,red
5128,red,red
5129,red,red
5130,red,red
5131,red,red
5132,blue,blue
5133,blue,blue
5134,red,red
5135,red,red
5136,blue,blue
5137,red,red
5138,red,red
5139,red,red
5140,red,red
5141,red,red
5142,blue,blue
5143,red,red
5144,red,red
5145,red,red
5146,red,red
5147,blue,blue
5148,blue,blue
5149,blue,blue
5150,red,red
5151,red,red
5152,red,red
5153,red,red
5154,red,red
5155,red,red
5156,red,red
5157,red,red
5158,red,red
5159,red,red
5160,red,red
5161,red,red
5162,red,red
5163,red,red
5164,red,red
5165,red,red
5166,red,red
5167,red,red
5168,red,red
5169,red,red
5170,red,red
5171,red,red
5172,red,red
5173,red,red
5174,red,red
5175,red,red
5176,blue,red
5177,blue,blue
5178,blue,blue
5179,red,red
5180,blue,blue
5181,blue,red
5182,red,red
5183,red,red
5184,red,red
5185,red,red
5186,blue,blue
5187,red,red
5188,red,red
5189,red,red
5190,blue,blue
5191,red,red
5192,red,red
5193,blue,blue
5194,red,red
5195,red,red
5196,red,red
5197,red,red
5198,red,red
5199,red,red
5200,red,red
5201,red,red
5202,red,red
5203,red,red
5204,red,red
5205,red,red
5206,red,red
5207,blue,red
5208,red,red
5209,red,red
5210,red,red
5211,red,red
5212,red,red
5213,red,red
5214,red,red
5215,red,red
5216,red,red
5217,blue,blue
5218,red,red
5219,red,red
5220,red,red
5221,red,red
5222,red,red
5223,red,red
5224,red,red
5225,red,red
5226,red,red
5227,blue,blue
5228,red,red
5229,blue,blue
5230,red,red
5231,red,red
5232,red,red
5233,red,red
5234,red,red
5235,red,red
5236,blue,red
5237,red,red
5238,red,red
5239,red,red
5240,red,red
5241,red,red
5242,red,red
5243,red,red
5244,red,red
5245,red,red
5246,red,red
5247,red,red
5248,red,red
5249,red,red
5250,red,red
5251,red,red
5252,red,red
5253,blue,blue
5254,red,red
5255,red,red
5256,blue,blue
5257,red,red
5258,red,red
5259,red,red
5260,red,red
5261,red,red
5262,red,red
5263,blue,blue
5264,blue,blue
5265,red,red
5266,blue,blue
5267,red,red
5268,red,red
5269,red,red
5270,red,red
5271,red,red
5272,red,red
5273,red,red
5274,red,red
5275,red,red
5276,red,red
5277,red,red
5278,red,red
5279,blue,blue
5280,red,red
5281,red,red
5282,red,red
5283,red,red
5284,red,red
5285,blue,blue
5286,blue,blue
5287,red,blue
5288,red,red
5289,red,red
5290,red,red
5291,red,red
5292,red,red
5293,red,red
5294,red,red
5295,red,red
5296,blue,red
5297,red,red
5298,red,red
5299,red,red
5300,red,red
5301,red,red
5302,red,red
5303,blue,blue
5304,blue,blue
5305,blue,blue
5306,red,red
5307,red,red
5308,red,red
5309,red,red
5310,red,red
5311,red,red
5312,red,red
5313,red,red
5314,red,red
5315,red,red
5316,red,red
5317,red,red
5318,red,red
5319,blue,blue
5320,blue,blue
5321,red,red
5322,red,red
5323,red,red
5324,red,red
5325,red,red
5326,red,red
5327,red,red
5328,blue,blue
5329,blue,blue
5330,red,red
5331,red,red
5332,red,red
5333,red,red
5334,red,red
5335,red,red
5336,red,red
5337,red,red
5338,red,red
5339,red,red
5340,red,red
5341,red,red
5342,red,red
5343,red,red
5344,red,red
5345,blue,blue
5346,red,red
5347,red,red
5348,red,red
5349,red,red
5350,red,red
5351,red,red
5352,red,red
5353,blue,red
5354,red,red
5355,red,red
5356,red,red
5357,red,red
5358,red,red
5359,red,red
5360,red,red
5361,red,red
5362,red,red
5363,red,red
5364,red,red
5365,red,red
5366,red,red
5367,red,red
5368,red,red
5369,red,red
5370,red,red
5371,red,red
5372,red,red
5373,blue,blue
5374,blue,red
5375,blue,blue
5376,red,red
5377,red,red
5378,red,red
5379,red,red
5380,red,red
5381,red,red
5382,red,blue
5383,red,red
5384,red,red
5385,red,red
5386,red,red
5387,red,red
5388,red,red
5389,blue,blue
5390,red,red
5391,red,red
5392,red,red
5393,blue,blue
5394,blue,red
5395,red,red
5396,red,red
5397,red,red
5398,red,red
5399,red,red
5400,red,red
5401,red,red
5402,blue,blue
5403,red,red
5404,blue,red
5405,red,red
5406,red,red
5407,blue,blue
5408,blue,red
5409,blue,blue
5410,red,red
5411,red,red
5412,blue,blue
5413,blue,red
5414,blue,blue
5415,red,red
5416,red,red
5417,red,red
5418,red,red
5419,red,red
5420,red,blue
5421,red,red
5422,red,red
5423,red,red
5424,red,red
5425,red,red
5426,red,red
5427,red,red
5428,red,red
5429,red,red
5430,blue,blue
5431,red,red
5432,blue,red
5433,red,red
5434,blue,blue
5435,blue,blue
5436,red,red
5437,red,red
5438,red,red
5439,red,red
5440,red,red
5441,red,red
5442,red,red
5443,blue,red
5444,red,red
5445,red,red
5446,red,red
5447,blue,blue
5448,blue,blue
5449,red,red
5450,blue,blue
5451,red,red
5452,red,red
5453,red,red
5454,red,red
5455,red,red
5456,red,red
5457,red,red
5458,red,red
5459,red,red
5460,red,red
5461,red,red
5462,red,red
5463,red,red
5464,red,red
5465,red,red
5466,red,red
5467,red,red
5468,red,red
5469,red,red
5470,red,red
5471,red,red
5472,red,red
5473,red,red
5474,blue,red
5475,blue,blue
5476,red,red
5477,red,red
5478,red,red
5479,red,red
5480,red,red
5481,blue,blue
5482,blue,blue
5483,red,red
5484,red,red
5485,red,red
5486,red,red
5487,red,red
5488,red,red
5489,red,red
5490,red,red
5491,red,red
5492,red,red
5493,red,red
5494,red,red
5495,red,red
5496,red,red
5497,red,red
5498,red,red
5499,red,red
5500,red,red
5501,red,red
5502,red,red
5503,red,red
5504,red,red
5505,red,red
5506,red,red
5507,red,red
5508,red,red
5509,red,red
5510,red,red
5511,red,red
5512,red,red
5513,red,red
5514,red,red
5515,red,red
5516,red,red
5517,red,red
5518,red,red
5519,red,red
5520,red,red
5521,blue,blue
5522,blue,blue
5523,red,red
5524,blue,blue
5525,red,red
5526,red,red
5527,red,red
5528,red,red
5529,red,red
5530,red,red
5531,red,red
5532,red,red
5533,red,red
5534,red,red
5535,red,red
5536,red,red
5537,red,red
5538,red,red
5539,red,red
5540,red,red
5541,red,red
5542,red,red
5543,red,red
5544,red,red
5545,red,red
5546,red,red
5547,red,red
5548,red,red
5549,red,red
5550,red,red
5551,red,red
5552,red,red
5553,red,red
5554,red,red
5555,red,red
5556,red,red
5557,red,red
5558,red,red
5559,red,red
5560,red,red
5561,red,red
5562,red,red
5563,red,red
5564,red,red
5565,red,red
5566,red,red
5567,red,red
5568,blue,red
5569,red,red
5570,red,red
5571,red,red
5572,red,red
5573,blue,blue
5574,red,red
5575,blue,blue
5576,blue,blue
5577,red,red
5578,red,red
5579,red,red
5580,red,red
5581,red,red
5582,red,red
5583,red,red
5584,red,red
5585,red,red
5586,red,red
5587,red,red
5588,red,red
5589,red,red
5590,blue,blue
5591,red,red
5592,red,red
5593,blue,blue
5594,red,red
5595,red,red
5596,red,red
5597,red,red
5598,red,red
5599,red,red
5600,red,red
5601,red,red
5602,red,red
5603,red,red
5604,red,red
5605,red,red
5606,red,red
5607,red,red
5608,red,red
5609,red,red
5610,red,red
5611,red,red
5612,red,red
5613,red,red
5614,red,red
5615,red,red
5616,red,red
5617,red,red
5618,red,red
5619,red,red
5620,red,red
5621,red,red
5622,red,red
5623,red,red
5624,red,red
5625,red,red
5626,red,red
5627,red,red
5628,blue,blue
5629,red,red
5630,red,red
5631,red,red
5632,red,red
5633,red,red
5634,red,red
5635,red,red
5636,red,red
5637,red,red
5638,red,red
5639,red,red
5640,red,red
5641,blue,blue
5642,blue,blue
5643,blue,blue
5644,red,red
5645,red,red
5646,red,red
5647,red,red
5648,red,red
5649,red,red
5650,red,red
5651,red,red
5652,red,red
5653,red,red
5654,red,red
5655,red,red
5656,red,red
5657,red,red
5658,red,red
5659,red,red
5660,red,red
5661,red,red
5662,red,red
5663,red,red
5664,red,red
5665,red,red
5666,red,red
5667,red,red
5668,red,red
5669,red,red
5670,blue,blue
5671,red,red
5672,red,red
5673,blue,blue
5674,blue,red
5675,red,red
5676,blue,blue
5677,red,red
5678,red,red
5679,red,red
5680,red,red
5681,red,red
5682,red,red
5683,red,red
5684,red,red
5685,red,red
5686,red,red
5687,red,red
5688,red,red
5689,red,red
5690,red,red
5691,red,red
5692,red,red
5693,red,red
5694,red,red
5695,red,red
5696,red,red
5697,blue,blue
5698,red,red
5699,red,red
5700,red,red
5701,red,red
5702,red,red
5703,red,red
5704,red,red
5705,red,red
5706,red,red
5707,red,red
5708,red,red
5709,red,red
5710,red,red
5711,red,red
5712,red,red
5713,red,red
5714,red,red
5715,red,red
5716,red,red
5717,red,red
5718,red,red
5719,red,red
5720,red,red
5721,red,red
5722,red,red
5723,red,red
5724,red,red
5725,red,red
5726,red,red
5727,red,red
5728,red,red
5729,red,red
5730,red,red
5731,red,red
5732,red,red
5733,red,red
5734,red,red
5735,red,red
5736,red,red
5737,red,red
5738,red,red
5739,red,red
5740,red,red
5741,red,red
5742,red,red
5743,red,red
5744,red,red
5745,red,red
5746,red,red
5747,red,red
5748,red,red
5749,red,red
5750,red,red
5751,red,red
5752,red,red
5753,red,red
5754,red,red
5755,red,red
5756,red,red
5757,red,red
5758,red,red
5759,red,blue
5760,red,red
5761,red,red
5762,red,red
5763,red,red
5764,red,red
5765,red,red
5766,red,red
5767,red,red
5768,red,red
5769,red,red
5770,red,red
5771,red,red
5772,red,red
5773,red,red
5774,red,red
5775,red,red
5776,red,red
5777,red,red
5778,red,red
5779,red,red
5780,red,red
5781,red,red
5782,red,red
5783,red,red
5784,red,red
5785,red,red
5786,red,red
5787,red,red
5788,red,red
5789,red,red
5790,red,red
5791,red,red
5792,red,red
5793,red,red
5794,red,red
5795,red,red
5796,red,red
5797,red,red
5798,red,red
5799,red,red
5800,red,red
5801,red,red
5802,red,red
5803,red,red
5804,red,red
5805,red,red
5806,red,red
5807,red,red
5808,red,red
5809,red,red
5810,red,red
5811,red,blue
5812,red,red
5813,red,red
5814,red,red
5815,red,red
5816,red,red
5817,red,red
5818,red,red
5819,red,red
5820,red,red
5821,red,red
5822,red,red
5823,red,red
5824,red,red
5825,red,red
5826,red,red
